"","baseMean","log2FoldChange","lfcSE","stat","pvalue","padj","GeneSymbol"
"ENSG00000233929",36.4901497660747,-2.77422812546162,0.423653252976724,-6.54834609664626,5.81777690974044e-11,4.05434408643245e-09,NA
"ENSG00000270605",28.5937580445589,1.49628420408202,0.4186379203094,3.5741726477529,0.00035133705928863,0.00414467592951402,NA
"ENSG00000231606",11.6354317990112,-2.26646327692765,0.652337010456962,-3.47437481025336,0.000512045238031848,0.00562771214883601,NA
"ENSG00000092853",79.2305901772375,1.07092524218879,0.321492165112286,3.33110837029187,0.000865009201237108,0.00868517242821634,"CLSPN"
"ENSG00000224609",42.9608866422828,1.03600930726585,0.355581355548081,2.91356476120347,0.00357327712285823,0.0265750127840714,"HSD52"
"ENSG00000277397",10.5418539144301,2.00813719590312,0.61182832945219,3.28219060680165,0.00103003952738156,0.00995951888345916,NA
"ENSG00000162598",10.1142351161788,-1.79534392260593,0.664577287536237,-2.70148251569316,0.00690311097607537,0.044421660781749,"C1orf87"
"ENSG00000132854",14.2347373239436,3.24746385780239,0.853416064373253,3.80525278743999,0.00014165943907082,0.00191898056555548,"KANK4"
"ENSG00000137960",42.9940386395585,-1.67340321002177,0.564828955029243,-2.96267249602162,0.00304980872566177,0.0234800331350457,"GIPC2"
"ENSG00000116675",116.125974643527,-2.18195596088443,0.411911923700834,-5.29714202317959,1.17629205346115e-07,3.90354696259699e-06,"DNAJC6"
"ENSG00000172260",2927.11929651903,-1.47837363062539,0.353834151964767,-4.17815415051457,2.93884454269932e-05,0.000502994120043283,"NEGR1"
"ENSG00000170989",537.227603316189,1.4559205478162,0.22086171935406,6.59200042485515,4.33939353505548e-11,3.09280411953045e-09,"S1PR1"
"ENSG00000116299",63.9781942854921,1.10640329937747,0.290850348629933,3.80402947628995,0.000142361229070958,0.00192709991812889,"ELAPOR1"
"ENSG00000137962",10243.4308459732,-1.21817117191301,0.288817710095598,-4.21778557661787,2.46713257551884e-05,0.000436292918618069,"ARHGAP29"
"ENSG00000023909",4211.14966860668,-1.2540524175822,0.199981386971693,-6.27084568505223,3.59092370531375e-10,2.11146313872448e-08,"GCLM"
"ENSG00000162692",1120.19383131953,3.60879680488526,0.321193910530227,11.2355704344701,2.72726616050893e-29,1.7105413358712e-26,"VCAM1"
"ENSG00000173947",169.492019060137,1.16956708327987,0.247141773930054,4.73237310180866,2.21910036226509e-06,5.19982470938728e-05,"CIMAP3"
"ENSG00000134253",298.45944121856,1.96051560947297,0.20791081368522,9.42959904164109,4.11659564330783e-21,1.19165944037662e-18,"TRIM45"
"ENSG00000183508",200.218442160778,2.5176989538418,0.322392934092807,7.80941108689757,5.74558135631785e-15,7.72206134289119e-13,"TENT5C"
"ENSG00000225279",21.6024375786466,2.77871937797739,0.765558852928713,3.62966134784694,0.000283793297229819,0.00345621662179694,NA
"ENSG00000254154",20.2312612417659,1.27690085446944,0.454484133772985,2.80956090561184,0.00496091315599574,0.0343052340842396,NA
"ENSG00000143507",689.492406871882,1.20117233317192,0.204310388939351,5.87915445419901,4.12367460814636e-09,2.02060055799172e-07,"DUSP10"
"ENSG00000228536",11.4427434338239,1.72861783677877,0.600728429568908,2.8775362571391,0.00400793849587452,0.0290163027081089,NA
"ENSG00000116962",20832.0308247141,-1.55554018137704,0.2573676371063,-6.04403956482902,1.50302627941604e-09,7.89970460153413e-08,"NID1"
"ENSG00000092969",341.651343932085,1.68325875219399,0.29842218536214,5.6405282005134,1.69529299217346e-08,7.02613060368631e-07,"TGFB2"
"ENSG00000116711",245.726395275315,2.42202632289629,0.384657108673087,6.29658536989296,3.04273736952592e-10,1.82914205575079e-08,"PLA2G4A"
"ENSG00000177614",306.557141861985,2.54693254328188,0.337467697040496,7.54718915504452,4.44752416171246e-14,5.19780215073177e-12,"PGBD5"
"ENSG00000183831",24.6812182331878,1.58537352926043,0.468333213967603,3.38514007116758,0.000711419413695782,0.00738745457400653,"ANKRD45"
"ENSG00000162630",92.9554411028821,-2.79944714891163,0.559360254390564,-5.00473018405947,5.59403301943284e-07,1.5663292454412e-05,"B3GALT2"
"ENSG00000158716",342.006610982853,-1.35967673740539,0.21358030678151,-6.36611473171221,1.93876432222793e-10,1.21195313910434e-08,"DUSP23"
"ENSG00000272668",354.798670266727,1.02095057937159,0.36623535595489,2.78768983597897,0.00530853417233531,0.036190354705312,"LOC107985216"
"ENSG00000254726",115.971467197197,1.98178523049719,0.364586467471861,5.43570704705365,5.4579565716589e-08,1.95667067703775e-06,"MEX3A"
"ENSG00000135821",42209.664138646,-3.00073722454353,0.2719845545015,-11.0327486428167,2.65620587504156e-28,1.56184905452444e-25,"GLUL"
"ENSG00000153207",2176.38693298846,-1.27904472648982,0.233193984249716,-5.48489589302678,4.13712985635484e-08,1.54452847970581e-06,"AHCTF1"
"ENSG00000223949",38.1274825717191,1.88116488337192,0.343435203280396,5.47749579950908,4.31387244005063e-08,1.60414671604728e-06,"ROR1-AS1"
"ENSG00000187801",52.4159846029928,1.10360819671654,0.339330334961777,3.25231222502066,0.00114470202980649,0.0108289157329507,"ZFP69B"
"ENSG00000282057",114.07471518129,-1.59944270223039,0.404917762415011,-3.95004331914459,7.81370501496736e-05,0.00117242961372907,NA
"ENSG00000142871",11646.5349849009,-1.83306121291517,0.343125219149023,-5.34225148900833,9.17991744205944e-08,3.12915446720635e-06,"CCN1"
"ENSG00000143512",21.3061314769303,1.47668917148444,0.508284091911121,2.90524373078876,0.00366967218939165,0.0270991177062768,"HHIPL2"
"ENSG00000092621",2735.9811117015,1.44349516637822,0.273822918946522,5.27163749452302,1.35211937555842e-07,4.45560038012387e-06,"PHGDH"
"ENSG00000173110",12.8733384415283,2.90886470604983,0.583492210971757,4.98526741463328,6.1876172647204e-07,1.70963592441966e-05,"HSPA6"
"ENSG00000143344",2376.39581382613,1.06777434807239,0.153088667274124,6.97487519543435,3.06142466611112e-12,2.85167160977954e-10,"RGL1"
"ENSG00000158022",6.73962811164625,-3.1031526598676,0.953340791209774,-3.25502977369693,0.00113380478876059,0.0107366235054451,"TRIM63"
"ENSG00000196517",499.658574730751,2.26446017965048,0.157415531521082,14.3852398665453,6.40556369680907e-47,1.72181552170228e-43,"SLC6A9"
"ENSG00000233384",7.48653209030752,3.90087837514073,1.07697021359262,3.62208566765086,0.000292237302618018,0.0035475723135875,"CNIH3-AS2"
"ENSG00000175130",1340.74137718279,1.13878189689506,0.176895915620758,6.43758163041175,1.21392041833054e-10,7.90350401083304e-09,"MARCKSL1"
"ENSG00000276600",677.444883343467,1.84399437940462,0.162554513180839,11.3438522457584,7.95633172834836e-30,5.5446791778001e-27,"RAB7B"
"ENSG00000162426",368.266892324723,-1.307640162069,0.144981176277009,-9.01937889902717,1.89158683672583e-19,4.5630894769017e-17,"SLC45A1"
"ENSG00000133216",808.201619248803,1.73932759956848,0.376311376348021,4.62204362899704,3.79978071208753e-06,8.43121154229234e-05,"EPHB2"
"ENSG00000137959",227.910952355674,-1.78965415717475,0.371658481666432,-4.81531902393388,1.46964905620757e-06,3.61476034530741e-05,"IFI44L"
"ENSG00000153904",6456.61230838659,-1.30667601248484,0.320365457442868,-4.078704436223,4.52873683316921e-05,0.000736497080837614,"DDAH1"
"ENSG00000134259",124.524715038033,1.42092230323444,0.428748687398548,3.31411464337289,0.000919338050845857,0.0090788542317699,"NGF"
"ENSG00000223764",58.5397855123412,1.73947930315389,0.433510254752894,4.01254476470323,6.00676835551159e-05,0.000930999615958041,"LINC02593"
"ENSG00000134376",12.810997263598,1.85717842995571,0.560425769974639,3.31387050606141,0.000920141104378465,0.0090788542317699,"CRB1"
"ENSG00000143320",3281.66204275122,1.66840530877979,0.200556234313089,8.31889028278841,8.87906935406083e-17,1.52136238581831e-14,"CRABP2"
"ENSG00000187634",147.428005401158,1.46298339789074,0.498049344015371,2.93742661338711,0.00330948489719003,0.0250076932500764,"SAMD11"
"ENSG00000203943",26.2541704909674,1.42973684022907,0.383358305569175,3.7295053203721,0.000191856055577929,0.00247898583673309,"SAMD13"
"ENSG00000229657",37.7835557825012,-1.06134131628138,0.378387913525673,-2.80490279510307,0.0050331756118696,0.0346935435502838,"RPL13AP11"
"ENSG00000162493",2368.03885123486,-1.86894459054487,0.618846424747612,-3.02004587213555,0.0025273640400842,0.0203573980215001,"PDPN"
"ENSG00000163554",13.9943926867253,2.04796528820563,0.717618451125259,2.85383588590054,0.00431948390217251,0.0307519054351857,"SPTA1"
"ENSG00000117600",87.3737618026986,2.15908342807351,0.541441220891992,3.98765986918498,6.6728237673778e-05,0.0010207792846096,"PLPPR4"
"ENSG00000143494",39.3361004761352,3.77316701553367,0.436435791519002,8.64541151036505,5.36117327882405e-18,9.88978788376012e-16,"VASH2"
"ENSG00000225313",182.625485527671,-1.12565668918909,0.168626502270119,-6.67544350404615,2.46485606627324e-11,1.83315145229238e-09,NA
"ENSG00000116991",262.194592905175,2.74580896218034,0.532890168135359,5.15267333940167,2.56799063241556e-07,7.94725522031763e-06,"SIPA1L2"
"ENSG00000143127",594.130796200358,-3.82434590992891,0.76222997052797,-5.01731243561562,5.23993163696132e-07,1.48934371119432e-05,"ITGA10"
"ENSG00000116194",523.241980194615,-2.05183680185636,0.415450500163074,-4.93882376131686,7.85952031446325e-07,2.10063542950199e-05,"ANGPTL1"
"ENSG00000253368",2259.74209390842,-1.97646841663452,0.237593685111491,-8.31869085959525,8.89401904974563e-17,1.52136238581831e-14,"TRNP1"
"ENSG00000158246",153.140915865876,-2.31220008221108,0.191261688834747,-12.0891962018011,1.20459458109629e-33,1.200014581432e-30,"TENT5B"
"ENSG00000198691",79.248969798571,-1.16722750080716,0.373322382388331,-3.12659394633619,0.00176843992369846,0.0154193538481512,"ABCA4"
"ENSG00000158816",41.6079436505055,-2.92913704945042,0.821039518726784,-3.56759569136543,0.000360271828450466,0.00422865816451004,"VWA5B1"
"ENSG00000179862",119.463084235729,-1.45475436470963,0.298132793951025,-4.87955164351563,1.06327279608279e-06,2.73313400698003e-05,"CITED4"
"ENSG00000281207",20.7281895260732,-1.21582141137327,0.384832490445069,-3.15935229368794,0.00158120227851529,0.0141138055372598,"SLFNL1-AS1"
"ENSG00000117461",348.325825303184,1.60568113781987,0.354079554188572,4.53480331983454,5.76571880241682e-06,0.000121486858887206,"PIK3R3"
"ENSG00000117479",583.183691204229,-1.06594175233975,0.286743601688814,-3.71740379231392,0.000201280598488806,0.00257289112850908,"SLC19A2"
"ENSG00000203685",18.6728622133138,-2.96934711849847,0.576150680618562,-5.15376830816297,2.55303348939091e-07,7.9139832185139e-06,"STUM"
"ENSG00000177674",1636.73769541056,-1.09803669702737,0.151985630355793,-7.22460863212466,5.02547003925408e-13,5.31231709318004e-11,"AGTRAP"
"ENSG00000231246",127.502947320611,-3.1804785404359,0.347772671388192,-9.14528024223552,5.94754553173595e-20,1.57232982510456e-17,"LINC02884"
"ENSG00000143333",33.1426775378088,-1.0200490826917,0.326719828536138,-3.12209114231607,0.001795713367636,0.0155993272047271,"RGS16"
"ENSG00000134243",12170.1823721845,-2.23443927889437,0.270514467835673,-8.25996220006872,1.45718606165504e-16,2.40512394176326e-14,"SORT1"
"ENSG00000123689",91.2789944777855,2.61180174170075,0.416078059317384,6.27719170288784,3.44742928273162e-10,2.04627222031162e-08,"G0S2"
"ENSG00000162643",189.408577222967,1.68266727243977,0.230062091939806,7.313970147155,2.59362788521334e-13,2.85390071860668e-11,"DNAI3"
"ENSG00000280099",65.9598055729753,-1.6590458995154,0.515971001618396,-3.2153859312086,0.00130269256178424,0.0120984517485352,NA
"ENSG00000097096",453.747641938234,-1.31794748661019,0.252129349061941,-5.2272672400642,1.72033761468198e-07,5.47713579659155e-06,"SYDE2"
"ENSG00000116584",4876.55550713687,1.00956829983342,0.084350724728554,11.9686974010273,5.18360261529006e-33,4.87673334046489e-30,"ARHGEF2"
"ENSG00000171793",1575.53203666504,-1.55705728750427,0.227989286632044,-6.82951953798261,8.51994930035549e-12,7.00049633342747e-10,"CTPS1"
"ENSG00000134242",11.5612001509969,-1.79726310125821,0.658886239587949,-2.72772899671145,0.00637719763727848,0.0417513398549172,"PTPN22"
"ENSG00000235674",74.9622274466647,-1.11502567766956,0.280456843905986,-3.97574779114088,7.01584490954593e-05,0.0010654571252463,NA
"ENSG00000162496",8430.12034504066,-1.13733505477665,0.365398810581195,-3.11258554171982,0.00185456259703064,0.0160144331462728,"DHRS3"
"ENSG00000049246",444.568911698753,2.22615039490193,0.286858728723669,7.76044154140547,8.46342088913784e-15,1.10588699618068e-12,"PER3"
"ENSG00000284747",19.8931477421999,-1.79198799463946,0.600376347825928,-2.98477446876209,0.00283787475892507,0.0222026825213863,NA
"ENSG00000116285",7128.14371571844,-2.44141023738412,0.233089521797259,-10.4741312203114,1.13575635585295e-25,4.96985850970445e-23,"ERRFI1"
"ENSG00000215912",17.2029694297296,1.25478042754248,0.423781637393319,2.96091268904579,0.00306728879573303,0.0235953008914607,"TTC34"
"ENSG00000237928",24.230957148734,-2.8649357247928,0.683938007913489,-4.18888216716154,2.80331903802226e-05,0.000484364104861587,"NFIA-AS2"
"ENSG00000227141",15.321093713475,-1.42932817191068,0.449344170740803,-3.18092069505262,0.00146807811854432,0.0133060490744364,NA
"ENSG00000286389",35.6265995986533,1.24295323746381,0.371048490430366,3.34984043735673,0.000808581246052035,0.00819292661589397,"LOC105373289"
"ENSG00000288927",191.096972429482,-1.23375902098422,0.424652826201278,-2.90533571157594,0.00366859383713455,0.0270991177062768,NA
"ENSG00000171819",498.324379152559,-5.8475125501214,1.37333171514415,-4.2579025050096,2.06353901091724e-05,0.000375145410912258,"ANGPTL7"
"ENSG00000235927",76.285903798873,-1.18350943752242,0.243547171989517,-4.85946696836766,1.17702217175145e-06,2.99541399275551e-05,"NEXN-AS1"
"ENSG00000162614",11789.9360957863,-2.03036043490902,0.150078679491594,-13.5286400559164,1.05965839638179e-41,1.66154436552665e-38,"NEXN"
"ENSG00000162616",3270.75238623061,-1.53817034070737,0.126007941386005,-12.2069317519872,2.85452222504283e-34,3.35691813665037e-31,"DNAJB4"
"ENSG00000171385",225.410171108529,-1.34387122867171,0.465994088145441,-2.88388042436341,0.00392807876456081,0.0285479837906436,"KCND3"
"ENSG00000060718",794.199277403494,-2.38381326916062,0.650947000689676,-3.66206967177815,0.000250185791542616,0.00310725798921839,"COL11A1"
"ENSG00000134686",6139.53600002277,-1.39215871313629,0.0911104586571813,-15.2799001745181,1.04100060978391e-52,4.89686686842349e-49,"PHC2"
"ENSG00000159023",764.743205797056,1.02077448389242,0.204712852656144,4.98637223138603,6.15235598942744e-07,1.70239309260392e-05,"EPB41"
"ENSG00000117152",233.372584610228,1.07479102811424,0.355234927211332,3.02557813374819,0.00248158278158093,0.0201264920768219,"RGS4"
"ENSG00000163485",99.3410371222845,1.70122330833816,0.427583185929339,3.97869552480321,6.9294412488604e-05,0.0010557438586118,"ADORA1"
"ENSG00000177606",6855.56541621331,1.06766783291626,0.33614238228483,3.17623688408198,0.00149199065299256,0.01346441061233,"JUN"
"ENSG00000169218",1353.76368737426,-1.3600465744958,0.261070842259424,-5.20949242253692,1.89357940787195e-07,5.96810555084065e-06,"RSPO1"
"ENSG00000163431",11847.109188743,-1.16024696808493,0.257635789249033,-4.5034386389673,6.68626794375225e-06,0.000139169046050489,"LMOD1"
"ENSG00000133069",315.940004293945,1.0530888239027,0.173258048174602,6.07815241483875,1.21575172281966e-09,6.53588126187852e-08,"TMCC2"
"ENSG00000162772",829.187365688619,-2.00470278313411,0.33490679371772,-5.98585284245918,2.15258925860253e-09,1.10982441167565e-07,"ATF3"
"ENSG00000123685",89.1950021411974,-1.89152180487848,0.425885189231871,-4.44138902385885,8.93800394680348e-06,0.00018142123221473,"BATF3"
"ENSG00000143786",163.428820063025,1.57243100758046,0.188068548801244,8.3609461422614,6.22172468380041e-17,1.09409319299428e-14,"CNIH3"
"ENSG00000160097",31.5010515806125,1.78414871733917,0.33948307409574,5.25548651310965,1.47633672702834e-07,4.77418301200454e-06,"FNDC5"
"ENSG00000197312",1016.72914412063,-1.07533945743024,0.199533440333321,-5.38926936574585,7.07447036967983e-08,2.45596373571763e-06,"DDI2"
"ENSG00000084710",42.4635862086768,2.7489018833096,0.448940705208867,6.12308452188733,9.17809754538096e-10,4.99118738190428e-08,"EFR3B"
"ENSG00000143869",616.888062410492,-1.8441620838591,0.402147897051463,-4.58578074728338,4.52293052716038e-06,9.82718946871243e-05,"GDF7"
"ENSG00000158125",50.8009981348139,-1.39897457508272,0.371421628738378,-3.76654041347745,0.000165525300365829,0.00217951298228373,"XDH"
"ENSG00000171132",876.70081417423,1.17889768429499,0.206103960852045,5.71991765428166,1.06575691625009e-08,4.65273367428345e-07,"PRKCE"
"ENSG00000196975",10834.5716826578,-1.194659485613,0.136719865687728,-8.7380095028884,2.37253551427673e-18,4.80017507920763e-16,"ANXA4"
"ENSG00000213626",28638.6588119471,-1.45732671767796,0.380241977306082,-3.83262975856257,0.000126780688386211,0.00175663139372235,"LBH"
"ENSG00000235885",12.4161030136339,-1.80112395165792,0.518524830028257,-3.4735539116994,0.000513614168733049,0.00564166036128491,"LOC101927661"
"ENSG00000124374",41.3981058201813,-1.54668408356176,0.34175694874859,-4.52568437664618,6.02003696820786e-06,0.000126420776332365,"PAIP2B"
"ENSG00000162878",3452.47261006738,-1.54971977448114,0.309531020344064,-5.00667032583205,5.53796578422423e-07,1.55758391922217e-05,"PKDCC"
"ENSG00000150938",24571.4504492744,-1.05810546097933,0.277431333140563,-3.81393640365499,0.000136770677824955,0.00186348810568744,"CRIM1"
"ENSG00000143891",1122.25625048873,1.1247876664867,0.137141109242375,8.20168126610981,2.37048114039956e-16,3.81221992630411e-14,"GALM"
"ENSG00000170485",606.416704300875,-1.16554358858664,0.239594961450412,-4.86464148298825,1.14664460628458e-06,2.93142186302319e-05,"NPAS2"
"ENSG00000081320",3242.44978475906,-1.12340834780819,0.293768020101114,-3.8241342519908,0.00013123239704217,0.00180107132220676,"STK17B"
"ENSG00000187957",18.6422894854012,-1.67584359045942,0.62688876424986,-2.67327105864587,0.00751155287041745,0.0474923987936071,"DNER"
"ENSG00000091428",76.276868593742,1.17887988512107,0.292150021846865,4.03518670876225,5.45588947437812e-05,0.000863397950798139,"RAPGEF4"
"ENSG00000287091",56.015591988431,-1.08003552331466,0.272589311899564,-3.96213452313419,7.42826644665614e-05,0.00112265270249222,NA
"ENSG00000163083",904.065516668799,-3.59873048581779,0.676401397889964,-5.32040663582902,1.03535572354672e-07,3.51013572869462e-06,"INHBB"
"ENSG00000178662",82.462980935278,1.25297705510458,0.286526418416165,4.37298962528717,1.22556550321986e-05,0.000237001444075897,"CSRNP3"
"ENSG00000182329",10.5690704039317,1.89833223892852,0.639041178729389,2.97059454400573,0.0029722390277253,0.0230052034330232,"KIAA2012"
"ENSG00000196950",1771.04503486069,1.21455749772844,0.233116179891571,5.2100952336014,1.88743724234676e-07,5.95872804563703e-06,"SLC39A10"
"ENSG00000226121",315.395663793181,-1.19959446032963,0.248616240435155,-4.82508487068249,1.39943662167386e-06,3.4601576180572e-05,NA
"ENSG00000241399",1767.03615255672,-1.73471861210994,0.338104333787252,-5.13071983632572,2.88636242766923e-07,8.83086104699582e-06,"CD302"
"ENSG00000132321",58.5331009593981,1.48303379246055,0.446640765353138,3.32041745291203,0.0008988293554668,0.00893091386304672,"DRC11"
"ENSG00000168918",36.1946113861163,1.92740256422409,0.499567877811637,3.85813950381898,0.000114253432046857,0.00160839605706795,"INPP5D"
"ENSG00000170745",185.22988753755,-1.04574833930867,0.292000330510944,-3.58132587548382,0.000341854939658755,0.00406338758346123,"KCNS3"
"ENSG00000171227",30.6928285198807,2.06302917024927,0.684644972614587,3.01328316539123,0.00258437651879049,0.0207014170189706,"TMEM37"
"ENSG00000162975",9.72168748537447,1.9762050767825,0.719835908941786,2.7453549513634,0.0060445481177703,0.0402029753919993,"KCNF1"
"ENSG00000115828",751.674583885694,-1.18685518879716,0.299507599733813,-3.96268805817274,7.4110588241153e-05,0.00112185424645658,"QPCT"
"ENSG00000163171",3113.95274651263,-1.53510003114391,0.287994366043489,-5.3303127149095,9.80437955341197e-08,3.335971169566e-06,"CDC42EP3"
"ENSG00000135917",112.786839495462,-1.43237248348117,0.342778894866343,-4.17870675509261,2.93171404371821e-05,0.000502396461262312,"SLC19A3"
"ENSG00000163072",41.9782367895884,-1.09982833984634,0.282494841392528,-3.89326875643056,9.89024773046683e-05,0.00142820338677255,"NOSTRIN"
"ENSG00000243244",2246.85205183113,-1.46031864167235,0.22585557563813,-6.46571880081497,1.00818407081796e-10,6.75088664644508e-09,"STON1"
"ENSG00000154479",64.3744820119311,-1.23003640563686,0.424429422121744,-2.89809410357993,0.00375437922756623,0.0275863991337136,"CFAP210"
"ENSG00000144362",145.172445200079,-1.40782054135183,0.300260757889355,-4.68865978773894,2.7500014089884e-06,6.29489373619535e-05,"PHOSPHO2"
"ENSG00000213160",449.275990900227,-1.65477248390384,0.319802255759633,-5.17436151278304,2.28691657443334e-07,7.12427520936056e-06,"KLHL23"
"ENSG00000143878",7193.30611079846,-1.19999813489833,0.179242937076378,-6.69481405778906,2.15946037368327e-11,1.62529625564898e-09,"RHOB"
"ENSG00000237126",32.1832071088233,-1.09418873162088,0.365312942796413,-2.99520932175313,0.00274256562644848,0.0216278771279357,NA
"ENSG00000134321",12.0965931846186,2.97184946816457,1.07374482967663,2.76774275044434,0.00564459910721098,0.0380131627778389,"RSAD2"
"ENSG00000123610",706.13118768365,2.55181747205205,0.489296058003904,5.2152831201262,1.83536688580874e-07,5.80407786947516e-06,"TNFAIP6"
"ENSG00000082126",39.0147325844705,-1.37165266218989,0.391746259479054,-3.50138036803191,0.000462854722765908,0.00516859018609099,"MPP4"
"ENSG00000198203",21.3149307933917,1.60232251026463,0.41410545463447,3.86935861948257,0.000109122036560323,0.00155078567969716,"SULT1C2"
"ENSG00000198075",14.2506889896878,1.72104456980906,0.452118512136573,3.80662265226862,0.000140877441709916,0.00190976220692636,"SULT1C4"
"ENSG00000163017",2540.45494540691,-1.92207938003253,0.671570774512851,-2.86206525503851,0.00420890240517784,0.0301579237074738,"ACTG2"
"ENSG00000084090",7947.90627380136,-1.26697076856407,0.193048188166172,-6.56297673963917,5.27440778453755e-11,3.70310659977084e-09,"STARD7"
"ENSG00000123612",46.3329695868942,1.37920199261611,0.313083307102995,4.40522366196418,1.05674787152982e-05,0.000208643944918206,"ACVR1C"
"ENSG00000127824",462.218053548551,1.56345184073147,0.193725192589432,8.07046218322746,7.00325535082475e-16,1.06268752162192e-13,"TUBA4A"
"ENSG00000128699",3968.76220745693,-1.03453267142063,0.156125882253826,-6.62627270050399,3.44268918992476e-11,2.49144768452401e-09,"ORMDL1"
"ENSG00000272622",128.226581310676,-1.09063405426051,0.388037305898694,-2.81064226990908,0.00494427244308435,0.0342500757269372,NA
"ENSG00000169031",88.4740426419519,-2.16305014923816,0.392961485309977,-5.50448384917901,3.702514009344e-08,1.41311366328228e-06,"COL4A3"
"ENSG00000081052",456.880154781313,-2.00179673354278,0.408762988258502,-4.89720642779146,9.7208705363285e-07,2.5280080876043e-05,"COL4A4"
"ENSG00000072163",1450.98199487365,-1.32303590376926,0.332309784903533,-3.98133297264579,6.85298692972944e-05,0.00104663800381322,"LIMS2"
"ENSG00000176771",235.693232364488,2.17422088774623,0.28347864264017,7.669787280963,1.72281824379228e-14,2.13266763652603e-12,"NCKAP5"
"ENSG00000003402",5396.46868621362,-1.18873389547357,0.165553759605353,-7.18034974444113,6.95333105891948e-13,7.30915515109659e-11,"CFLAR"
"ENSG00000138073",3754.18369263355,-1.120304669093,0.222416711561938,-5.03696265098775,4.72977024622958e-07,1.36495946247018e-05,"PREB"
"ENSG00000138074",958.026264779984,-1.21043968525679,0.179260852679234,-6.75239276822323,1.45426541070335e-11,1.14014408199143e-09,"SLC5A6"
"ENSG00000136546",11060.2645014758,-1.43727068326804,0.386422084154785,-3.71943204646743,0.00019967125614501,0.00255753189627264,"SCN7A"
"ENSG00000138356",9841.91442587406,-1.4630044486581,0.316279167326624,-4.62567440348432,3.73381465775978e-06,8.29462297525478e-05,"AOX1"
"ENSG00000143942",29.6719958371645,-1.09664186463705,0.330474084572729,-3.31838990054214,0.000905380073023734,0.0089897791314061,"CHAC2"
"ENSG00000289003",32.2343413839384,-1.28787262485308,0.327426490497477,-3.93331835459111,8.3781156769104e-05,0.00124323836416992,NA
"ENSG00000288065",43.0416031384541,1.27565045314534,0.331281218652224,3.85065733075713,0.000117801225806833,0.00165167501101443,NA
"ENSG00000214184",9.96022080191192,1.95760718680431,0.590620467621577,3.314492629569,0.000918096002279444,0.00907771643662113,"GCC2-AS1"
"ENSG00000163251",118.822795742398,-2.47916374134264,0.364736874602317,-6.79712942116351,1.06724218809947e-11,8.65570216003433e-10,"FZD5"
"ENSG00000144369",2847.81608652359,1.33142303185674,0.111646290307439,11.9253674097941,8.72980320987677e-33,7.82190367604958e-30,"FAM171B"
"ENSG00000204335",11.2608859400736,2.45024985426388,0.868443681720672,2.82142631219232,0.00478106200205404,0.0333063541764712,"SP5"
"ENSG00000116106",645.620159873131,-1.35971271979375,0.440883223192667,-3.08406545830289,0.00204192662889254,0.0173281354803207,"EPHA4"
"ENSG00000163803",219.665909163039,-1.52949802763783,0.317613804132676,-4.81559053081623,1.4676520500728e-06,3.61457342593846e-05,"PLB1"
"ENSG00000224165",23.7672091868176,1.22350407421007,0.413376506196755,2.95978135155006,0.0030785745094996,0.0236627687788989,"DNAJC27-AS1"
"ENSG00000231943",74.8491411310559,1.20433545094929,0.411981061392037,2.92327867421861,0.00346366368127175,0.0259754068660061,"PGM5P4-AS1"
"ENSG00000151690",2069.52566411791,-1.05410173441592,0.225457745455569,-4.67538488103818,2.93402828015622e-06,6.68361696361011e-05,"MFSD6"
"ENSG00000213639",9126.72817213305,-1.0734746579333,0.198539286564391,-5.40686267443169,6.41382807986645e-08,2.26421368012696e-06,"PPP1CB"
"ENSG00000229647",33.8059862097665,-2.57924948989044,0.490448320974126,-5.25896282969742,1.44870166388452e-07,4.72422365817178e-06,NA
"ENSG00000287255",13.2434906287401,-2.907610211622,0.588854354928245,-4.93774086459173,7.90327632308356e-07,2.10933400418639e-05,"LOC101929667"
"ENSG00000230587",43.7558992100472,-1.66056331378291,0.330089405175187,-5.03064711483727,4.88827135699805e-07,1.40423990615687e-05,"LOC107985876"
"ENSG00000244301",9.97717577555216,-2.91310218726049,0.726499503509919,-4.00977863465355,6.07756977727403e-05,0.000941197966495376,NA
"ENSG00000162998",188.900344147648,-1.69621774340712,0.418628403661617,-4.05184581020019,5.08151504892508e-05,0.000813734358813398,"FRZB"
"ENSG00000115419",8643.48380410223,-1.19170827705143,0.155254398331922,-7.67584229403696,1.64335206482095e-14,2.0614208301114e-12,"GLS"
"ENSG00000132326",197.195179621207,1.10081712714517,0.336534045139662,3.27104238945076,0.00107151847915405,0.0102865773998789,"PER2"
"ENSG00000285569",31.9164485939723,-2.00853116753355,0.418598001336886,-4.79823401239104,1.60070697469441e-06,3.88630999172259e-05,"LOC105373429"
"ENSG00000118257",4287.0169917785,-1.05950765214821,0.192466781556404,-5.50488579681327,3.69407657203265e-08,1.41275904023102e-06,"NRP2"
"ENSG00000163449",19.3370522796783,1.07484347293744,0.394775028560894,2.72267340934824,0.00647560385715871,0.0422632543101971,"TMEM169"
"ENSG00000261468",71.0843568080481,-2.51092720877987,0.380237843729559,-6.6035699764954,4.01372702759788e-11,2.87156987647459e-09,NA
"ENSG00000157152",95.4139215466512,-3.56961415831093,0.421295374416596,-8.47294885032641,2.39257658342267e-17,4.28749723749342e-15,"SYN2"
"ENSG00000170011",13.2784001728884,-2.13430552330074,0.703333075294129,-3.03455872938748,0.00240887849984692,0.0197130082169227,"MYRIP"
"ENSG00000175928",26.0481187382922,2.15468701532649,0.570367362888881,3.77771793325114,0.00015827198875179,0.00209965875424831,"LRRN1"
"ENSG00000011198",3913.92058233965,-1.14578133378734,0.19799782760858,-5.78683790436543,7.17237285630576e-09,3.25979148947462e-07,"ABHD5"
"ENSG00000206538",28228.0929183887,-1.3473372115339,0.230672899962197,-5.84089943705873,5.19197397925823e-09,2.44230455984307e-07,"VGLL3"
"ENSG00000168309",348.687727693277,-4.73345807545507,1.077947956054,-4.39117496245613,1.12739773634935e-05,0.000219597472123699,"FAM107A"
"ENSG00000163513",29279.0604864481,-1.45934170466916,0.176944480797872,-8.24745534920753,1.61802924451221e-16,2.64737724041232e-14,"TGFBR2"
"ENSG00000169908",2099.30686597321,-1.16691198054961,0.213462374799273,-5.46659326566053,4.58767089676677e-08,1.69478873381668e-06,"TM4SF1"
"ENSG00000114670",400.829132245349,1.24084283050522,0.194377365628163,6.38367963520459,1.7288257799657e-10,1.08958617224265e-08,"NEK11"
"ENSG00000121858",536.58252140545,1.01054045551255,0.303422538676614,3.33047261393319,0.000866986915118508,0.00870038709059725,"TNFSF10"
"ENSG00000244738",9.4012806453662,2.43558034339359,0.907477156929387,2.6839026468003,0.00727682922915746,0.0463509880757708,NA
"ENSG00000154310",1703.32553319103,1.1160004109095,0.201131231790068,5.54861818812077,2.87936210663657e-08,1.13372999253533e-06,"TNIK"
"ENSG00000285051",16.2668226463865,1.96945965013272,0.527643720706936,3.73255583804548,0.000189546660429357,0.0024545835943832,"SLC7A14-AS1"
"ENSG00000286695",53.7825799910254,1.37697659906471,0.406348071965089,3.38866280921595,0.000702343199201884,0.0073174361219173,NA
"ENSG00000285938",46.5175546956415,-1.0691648313039,0.3037809927874,-3.51952510752427,0.00043232011494942,0.00488267423942875,"BCL6-AS1"
"ENSG00000161267",141.728129188705,-1.39155860208655,0.24237105943532,-5.74143878946863,9.38754918685714e-09,4.17579492907574e-07,"BDH1"
"ENSG00000181467",1387.77212602219,1.27321513699839,0.115465458499484,11.0268053627837,2.83766667137948e-28,1.6179859420811e-25,"RAP2B"
"ENSG00000182580",921.127793649944,1.45539612481448,0.301150631133288,4.83278457474104,1.34636454363515e-06,3.36877596449986e-05,"EPHB3"
"ENSG00000134070",99.4659909215273,1.07101803546499,0.311385570871873,3.43952365058586,0.000582738865886687,0.00625161566927337,"IRAK2"
"ENSG00000163661",19958.4152335482,-2.23785386801634,0.331353209887675,-6.75368097014951,1.44140515417309e-11,1.1347899322561e-09,"PTX3"
"ENSG00000144908",6.63758088586409,-4.10546257573017,1.09784722757819,-3.73955726498183,0.000184344650419005,0.00239546197671547,"ALDH1L1"
"ENSG00000178038",77.0343282401462,1.02302005245321,0.292458930289136,3.49799560383338,0.00046876885948703,0.00522532870859476,"ALS2CL"
"ENSG00000185112",1519.94972139455,-1.23881439436139,0.30287836758565,-4.09013824340251,4.31116148828729e-05,0.000704768154332004,"FAM43A"
"ENSG00000187288",48.0133723235521,-3.84995589399486,0.528660595775617,-7.28247182551303,3.27758406888739e-13,3.54431160001064e-11,"CIDEC"
"ENSG00000157150",375.846878098544,-2.91414647910448,0.267734296116088,-10.8844721105171,1.36688261739164e-27,7.34836095109745e-25,"TIMP4"
"ENSG00000163884",1225.48807105198,-4.55776237603299,0.402058161871526,-11.3360772352369,8.69555311539036e-30,5.84341169354232e-27,"KLF15"
"ENSG00000129048",1171.64955564923,1.47114484716445,0.31947731565577,4.60484915539224,4.12764943211348e-06,9.04142627644322e-05,"ACKR4"
"ENSG00000144891",261.420002871113,-1.23056283267938,0.433386643964554,-2.83941106588422,0.00451968918158224,0.0317796979225155,"AGTR1"
"ENSG00000287629",23.6328537959133,-1.44614176388475,0.503164407618254,-2.87409391838766,0.00405188453142523,0.0292668941816879,"LOC124906232"
"ENSG00000181061",2045.22167202559,-1.34274393133631,0.149295000778578,-8.99389748038352,2.38615043128556e-19,5.6832666474771e-17,"HIGD1A"
"ENSG00000144648",51.733508616123,-2.0750955732007,0.603663523563435,-3.43750366255588,0.000587102779484386,0.00629454467166849,"ACKR2"
"ENSG00000206561",104.780193294727,1.33626610168014,0.263233121878291,5.07636004217576,3.84733952025997e-07,1.14002425847577e-05,"COLQ"
"ENSG00000114270",3311.76416259515,-1.23154643897945,0.186339482730856,-6.60915454379713,3.8652105543992e-11,2.77587029738837e-09,"COL7A1"
"ENSG00000163823",22.2519962280331,1.8836965725622,0.496307254981333,3.79542421283576,0.000147391216005992,0.00197670215279312,"CCR1"
"ENSG00000132170",1161.1116342832,-1.04629510049226,0.290795308181114,-3.59804670521232,0.000320616052878379,0.00383029311172037,"PPARG"
"ENSG00000016391",198.237848885855,2.07134677057581,0.440469432893445,4.70258913761421,2.56883011938747e-06,5.95259944906339e-05,"CHDH"
"ENSG00000160145",92.6560679874866,1.64792179318405,0.321999470142891,5.1177779654506,3.091562408882e-07,9.42801268809135e-06,"KALRN"
"ENSG00000144644",46.1648497758359,1.49538461880862,0.562762556686942,2.65722124018369,0.00787877189059601,0.0493334349063077,"GADL1"
"ENSG00000131389",1640.33690037723,2.09394899636792,0.212200321200129,9.86779371739543,5.74135087145932e-23,2.00054181476627e-20,"SLC6A6"
"ENSG00000174944",48.1962302683499,-1.586856635649,0.332615016322534,-4.77085085692655,1.83449339457708e-06,4.39717550475954e-05,"P2RY14"
"ENSG00000152580",13490.5326952698,1.15678086241139,0.370208922019056,3.12467040530116,0.00178004386497428,0.0154989844346858,"IGSF10"
"ENSG00000169855",3790.05754624888,1.12649992387529,0.206078541819752,5.46636206723836,4.59365568795975e-08,1.69478873381668e-06,"ROBO1"
"ENSG00000250934",12.3754639004031,-2.53972843791713,0.74965206306259,-3.38787627361612,0.000704360300863206,0.00733033375057638,"LOC105374088"
"ENSG00000131386",31066.1390178506,-1.55331689880991,0.293186389629096,-5.29805254867043,1.17044286253984e-07,3.89099874585682e-06,"GALNT15"
"ENSG00000184307",222.779657371663,-1.7245206627439,0.345794527717076,-4.98712537219466,6.1284298877236e-07,1.69827005548464e-05,"ZDHHC23"
"ENSG00000114098",2225.31561063346,-1.36548732441273,0.12048924345282,-11.332856654108,9.0213609958112e-30,5.85330787921323e-27,"ARMC8"
"ENSG00000071282",8889.78914764795,-1.6233745664433,0.241543102402768,-6.72084837155217,1.80669526871254e-11,1.38754196637123e-09,"LMCD1"
"ENSG00000224080",16.5072800183249,-2.1876577777375,0.532913655396653,-4.10508861160484,4.0415992802123e-05,0.00066474416133282,NA
"ENSG00000168811",81.4718175386223,2.09791683085442,0.44656581340399,4.69788946642119,2.62863614480591e-06,6.06132569861127e-05,"IL12A"
"ENSG00000272970",54.6200020591829,1.4647407696636,0.338800965830265,4.32330753861374,1.53707231332859e-05,0.000289795116709326,"LOC107986163"
"ENSG00000231574",94.9895222229853,-1.08105230725919,0.385419523469161,-2.80487168249453,0.00503366145260814,0.0346935435502838,"LINC02015"
"ENSG00000290021",84.3858235614686,-1.31799161790653,0.280670917832738,-4.69586100363975,2.65486034313846e-06,6.10268700364094e-05,NA
"ENSG00000289331",13.6067376642719,-1.36619622545096,0.466724099107148,-2.92720309078645,0.00342025456981497,0.0257319112297635,NA
"ENSG00000272282",19.2098165163131,1.62170375953502,0.422882088210168,3.83488401317451,0.000125623561320124,0.00174445234671546,NA
"ENSG00000288022",49.6319812122259,-1.62315245020687,0.410334158311925,-3.9556844521167,7.63158389102027e-05,0.0011487670599475,"DAGARR"
"ENSG00000283154",49.4394722078386,-1.0171394177746,0.335941849978103,-3.02772464294313,0.00246402496794797,0.0200532412616388,"IQCJ-SCHIP1"
"ENSG00000138483",8.76417076785667,-4.55726477103726,0.994892907543111,-4.58065861811341,4.63513916220796e-06,0.000100362230697474,"CCDC54"
"ENSG00000013297",5757.23575187142,1.70166388468707,0.270734267351063,6.28536572535353,3.27082763454095e-10,1.94759154340261e-08,"CLDN11"
"ENSG00000013293",545.71479343654,2.87703247394784,0.357767642660537,8.04162291635096,8.86563545817295e-16,1.32393489508716e-13,"SLC7A14"
"ENSG00000291081",78.5991762863774,1.20152565388522,0.325958832435013,3.68612700232558,0.000227692755111916,0.00286190172357101,"FAM86HP"
"ENSG00000287649",40.0767280716201,3.03866465557954,0.491617314638997,6.18095531848972,6.37148496743248e-10,3.62192933979485e-08,NA
"ENSG00000163491",433.668715866881,2.3970600347525,0.232905261461584,10.2919960661682,7.65723079370732e-25,3.06549903434887e-22,"NEK10"
"ENSG00000163378",3927.93292044923,-1.26627600862582,0.177777847155005,-7.12279976886968,1.05756407024318e-12,1.08738390960086e-10,"EOGT"
"ENSG00000172986",1639.40567519112,1.56961751377736,0.150856096370985,10.4047337266196,2.35914714810877e-25,1.00885710770033e-22,"GXYLT2"
"ENSG00000109625",129.406255150789,1.3684061453394,0.251438736228556,5.44230441921856,5.25956931594485e-08,1.90682189304082e-06,"CPZ"
"ENSG00000169744",1414.03203942315,1.32424224129262,0.17507867108365,7.56369826830541,3.91767917775406e-14,4.63616675525915e-12,"LDB2"
"ENSG00000155269",24.5346163097574,2.18857816307653,0.455734858635368,4.80230581797037,1.56848897362657e-06,3.82034256822613e-05,"GPR78"
"ENSG00000181826",814.961537257616,-1.1139955070514,0.147557848011706,-7.54955105446525,4.36761156660809e-14,5.13631120233111e-12,"RELL1"
"ENSG00000145244",364.180550403943,-1.99851860431893,0.287164544465514,-6.95948940367507,3.41508201757709e-12,3.13454552403563e-10,"CORIN"
"ENSG00000138678",263.20932776671,-1.12746892363903,0.193693024618669,-5.82090617800364,5.85294197886289e-09,2.71253586882473e-07,"GPAT3"
"ENSG00000155011",27.8421887392467,1.47992517678121,0.416890243865676,3.54991559183151,0.000385354686693337,0.00445930737073913,"DKK2"
"ENSG00000172403",20180.9966144052,-1.73934475357339,0.257120072485148,-6.76471788749147,1.33569205790939e-11,1.05598242695895e-09,"SYNPO2"
"ENSG00000250033",11.1163133791293,1.79007736856782,0.634960194226851,2.81919620291707,0.00481440801319673,0.0334890577361589,"SLC7A11-AS1"
"ENSG00000077684",3328.67116647811,-1.22857662690616,0.115316405327923,-10.6539622303737,1.67097896774048e-26,7.86028506425122e-24,"JADE1"
"ENSG00000248187",15.818172693866,-3.48478014450884,0.737343470096419,-4.72612871183785,2.28840628057468e-06,5.34890094103021e-05,"LINC03140"
"ENSG00000163110",2856.30299171209,-1.59832621517795,0.167338861778015,-9.55143472469789,1.27912410145283e-21,3.88193533757041e-19,"PDLIM5"
"ENSG00000168556",900.305064340974,-1.32959456767034,0.228850480940315,-5.80988321373511,6.25164373296273e-09,2.87606182101288e-07,"ING2"
"ENSG00000182552",797.962643486912,-1.10888260059711,0.176027455413142,-6.29948662266647,2.98633071907924e-10,1.8009871413524e-08,"RWDD4"
"ENSG00000272744",22.2857197476541,-1.77111546420148,0.502727623688509,-3.52301202628736,0.000426671999100176,0.00483338972611012,NA
"ENSG00000109674",103.501152237472,1.36356863164216,0.374985223625035,3.63632630230159,0.00027655397521069,0.00338338075264262,"NEIL3"
"ENSG00000164122",42.4600374829682,-1.91823007864884,0.694730140374993,-2.7611153844764,0.00576043210535996,0.0386060256401873,"ASB5"
"ENSG00000173320",178.907356350121,1.13704916554133,0.389171300643817,2.92171895425042,0.00348105500296772,0.0260539104756725,"STOX2"
"ENSG00000171509",78.5930808533053,1.93213514302293,0.423340134072083,4.56402544317696,5.01819931440994e-06,0.000107788171575271,"RXFP1"
"ENSG00000164142",37.5471693674523,-1.96386608562656,0.529851889907669,-3.706443485497,0.000210190111737105,0.00267406162437145,"FHIP1A"
"ENSG00000226887",9.7957472124637,-2.54298265705073,0.833472218994082,-3.0510706884986,0.00228026883279588,0.0188182185780207,"ERVMER34-1"
"ENSG00000128045",23.7219735140093,-4.27076530089515,0.663688002410626,-6.43489905706147,1.23555414152936e-10,7.96170778322484e-09,"RASL11B"
"ENSG00000226950",415.273959761086,-1.13759201758543,0.159763321008687,-7.12048303955559,1.07549467739487e-12,1.09386528918172e-10,"DANCR"
"ENSG00000172399",42.0238132420638,-2.32648172764146,0.797296945769661,-2.91796141950051,0.00352327939590867,0.0263280480990539,"MYOZ2"
"ENSG00000164104",2352.26291007181,-1.24232726534059,0.200609237084069,-6.19277199494045,5.91152139897118e-10,3.38088713200735e-08,"HMGB2"
"ENSG00000164105",1157.10448667721,-1.26336563610233,0.163415748762771,-7.73099071336355,1.06712808956288e-14,1.36539072071764e-12,"SAP30"
"ENSG00000164106",46.4752805706421,-1.76748395817516,0.514426355811279,-3.43583476664554,0.00059073113606041,0.00632623623000152,"SCRG1"
"ENSG00000145386",387.187742820386,-1.04680219492404,0.248849004944042,-4.20657577135756,2.59269180817854e-05,0.000454651342615912,"CCNA2"
"ENSG00000164125",12776.2775868136,-1.12801205180852,0.0967186424637163,-11.6628193187439,1.97396069522285e-31,1.54758518505471e-28,"GASK1B"
"ENSG00000173083",112.539490406889,-1.43023475917349,0.502638237982107,-2.84545554057987,0.00443479498431814,0.0313703392574925,"HPSE"
"ENSG00000145242",60.9687896519316,1.38364485298696,0.412381095327974,3.35525771831642,0.000792910779819689,0.00806018867265655,"EPHA5"
"ENSG00000152583",2223.32028003379,-4.62820836487606,0.205946899009551,-22.4728237576494,7.65652414487109e-112,1.44065158309894e-107,"SPARCL1"
"ENSG00000205208",1281.40794309374,1.38803590888423,0.194685618240647,7.12962735217816,1.00641023974802e-12,1.04622182713253e-10,"C4orf46"
"ENSG00000145390",18718.3862565917,-2.31353171278655,0.590897058949585,-3.91528723615452,9.02966430151134e-05,0.00132425692515384,"USP53"
"ENSG00000289034",25.1492566231672,-1.95154275349923,0.443118611688038,-4.40410919790736,1.06219432963216e-05,0.000209191814620182,NA
"ENSG00000261121",15.4247537686894,3.18728724210082,0.774531599591524,4.11511582455996,3.86985042536535e-05,0.000640414297305843,"LINC02473"
"ENSG00000250657",8.31653392798474,2.991672090029,0.871407783720959,3.43314822970067,0.000596615827046172,0.00638199170079635,NA
"ENSG00000273179",338.574031663387,1.3345607018494,0.466996239623529,2.85775470681576,0.00426650064616144,0.030466214860787,NA
"ENSG00000109689",2592.95507552264,1.0205170000814,0.174980351622134,5.83218053124721,5.47076806661566e-09,2.5479696025109e-07,"STIM2"
"ENSG00000249307",17.0112172928636,-1.99042588349053,0.638303345372892,-3.1183071464677,0.00181893137928867,0.0157501209538406,NA
"ENSG00000272870",306.554461184191,-1.03591935761859,0.178652983650218,-5.79850017868607,6.69106318551693e-09,3.06323710215782e-07,"SAP30-DT"
"ENSG00000138735",14871.4559217819,1.16014587047314,0.233063832200824,4.97780311736003,6.43100214811078e-07,1.76136443113322e-05,"PDE5A"
"ENSG00000109265",232.269456381914,1.31115334146742,0.491130613206169,2.66966323460887,0.00759273569684595,0.0479412466012931,"CRACD"
"ENSG00000164070",1283.52055089864,1.27314067901549,0.23287796719662,5.46698639781825,4.57751164696869e-08,1.69478873381668e-06,"HSPA4L"
"ENSG00000145362",4420.36584694924,1.00520787927685,0.18779011624401,5.35282633283376,8.65909471666619e-08,2.96518019564168e-06,"ANK2"
"ENSG00000162840",483.646695230506,-2.15608943849174,0.166632523300799,-12.9391873553979,2.70475339873208e-38,3.63518856789592e-35,NA
"ENSG00000151726",3215.56396079363,-1.60377318752734,0.180785246221245,-8.87115083254437,7.23938200762133e-19,1.56655328257885e-16,"ACSL1"
"ENSG00000138669",670.731236667346,1.63256329151484,0.352323875388057,4.63370042611136,3.59186671899179e-06,8.01714877634039e-05,"PRKG2"
"ENSG00000172955",63.8320395531248,-1.03264141802131,0.258301910032051,-3.99780790584623,6.3931800004331e-05,0.000981191475433518,"ADH6"
"ENSG00000196616",89175.0575374781,-1.19438457248262,0.202807324117956,-5.88925758809354,3.87934384442476e-09,1.92088773096569e-07,"ADH1B"
"ENSG00000163697",4958.55184077038,-1.07856301485413,0.10580328522858,-10.1940408799592,2.10815067350936e-24,8.26395064015669e-22,"APBB2"
"ENSG00000288002",35.9805458867104,1.57867545142857,0.582303487740773,2.71108706141111,0.00670630151589427,0.0434523999046373,NA
"ENSG00000169271",181.251253395464,-2.45707844194595,0.445149108008333,-5.5196750880605,3.39627044578189e-08,1.31490174295951e-06,"HSPB3"
"ENSG00000134363",6329.98104239912,1.78468785538259,0.315447208362463,5.65764352345101,1.53465469099159e-08,6.44554970216466e-07,"FST"
"ENSG00000133401",196.498090130493,-1.27018853827225,0.290155626215664,-4.37761126619738,1.19987110290524e-05,0.000232750254353247,"PDZD2"
"ENSG00000164171",1833.92547624905,1.03594873786904,0.224539065322516,4.61366816674444,3.95623882638531e-06,8.72691556357164e-05,"ITGA2"
"ENSG00000168621",384.946426166385,-1.72700559122104,0.313211612179135,-5.51386195168687,3.51043988265261e-08,1.35353354163917e-06,"GDNF"
"ENSG00000131730",34.660689290244,1.17112951963386,0.296152749371342,3.95447795814786,7.67019422413834e-05,0.00115365607131405,"CKMT2"
"ENSG00000250978",112.147166762827,-6.39398308989466,0.536749464762145,-11.9124163313848,1.01978523711024e-32,8.7219450097574e-30,"LOC101928819"
"ENSG00000152495",150.360200105011,1.31077857000168,0.158168521959513,8.28722778567285,1.15918507139157e-16,1.94743091993783e-14,"CAMK4"
"ENSG00000250961",9.62621900011841,-4.25431584706058,0.94535528520006,-4.50022961066989,6.78800996527207e-06,0.000140974829477439,NA
"ENSG00000285831",21.2110366716814,1.5560415598916,0.51091915955172,3.04557292636447,0.00232237450963618,0.0191070392537448,NA
"ENSG00000155324",1210.75572594936,-1.30345152047305,0.310996049796329,-4.19121568047786,2.77463737872086e-05,0.00048161971326579,"GRAMD2B"
"ENSG00000113361",4906.14212600213,1.3078856389705,0.442353046629181,2.95665565985553,0.00310995211126629,0.0238649506221805,"CDH6"
"ENSG00000146006",111.349905444368,4.04849692124916,0.37164667536173,10.8934027657013,1.23921791354042e-27,6.85797772387546e-25,"LRRTM2"
"ENSG00000279118",286.113587885586,-1.53249271098596,0.455308496422218,-3.36583376551982,0.000763126825516477,0.0078165456444845,NA
"ENSG00000249363",7.09435273060571,-1.95857519044565,0.673716912991866,-2.9071189288509,0.00364774484756465,0.0269901561351854,NA
"ENSG00000145685",4454.97907375631,1.23696101612265,0.15599244606283,7.9296212563039,2.19815239216748e-15,3.08659965753905e-13,"LHFPL2"
"ENSG00000131459",2236.76404002852,-1.30730617602085,0.269678554061774,-4.84764604500732,1.24935052976602e-06,3.15117688580126e-05,"GFPT2"
"ENSG00000170214",511.683761627866,-3.7710621080651,0.483926431291168,-7.79263512845022,6.56259261899206e-15,8.75757040559962e-13,"ADRA1B"
"ENSG00000198108",92.5154757287386,-1.30087571524233,0.372887185977111,-3.4886575998409,0.000485452552582413,0.00537626558527998,"CHSY3"
"ENSG00000198944",31.4009889268261,1.56476625583471,0.42341428667169,3.69559154022597,0.000219375419879491,0.00277217454697952,"SOWAHA"
"ENSG00000145861",197.739328216007,1.03385681857823,0.316588592866208,3.26561613991931,0.00109226204076296,0.0104271956159289,"C1QTNF2"
"ENSG00000247311",41.7197780736062,-2.93719779936878,0.478200025047927,-6.14219499272173,8.13888577568041e-10,4.49094647375961e-08,NA
"ENSG00000197208",38.0044095577311,1.02809492601614,0.380118125335187,2.70467219922642,0.00683718221999719,0.0441181140780065,"SLC22A4"
"ENSG00000183876",416.884658715407,1.67944090418365,0.418069270037911,4.0171354953483,5.89098556421548e-05,0.000917589274638067,"ARSI"
"ENSG00000170624",4687.5320637204,1.17983728432454,0.278033366280089,4.24350969133677,2.20050865101071e-05,0.000395839108770721,"SGCD"
"ENSG00000145808",7.54759371308531,2.43489532448611,0.835244324100084,2.91518930955866,0.00355472845746384,0.0264789274171178,"ADAMTS19"
"ENSG00000145632",1157.32891293552,1.0152196377323,0.257713486159534,3.9393345410874,8.17079295839475e-05,0.00121823803728332,"PLK2"
"ENSG00000240764",65.4152055293041,1.25484774714446,0.338277384572354,3.70952302569923,0.000207650072945786,0.00264711637706497,"PCDHGC5"
"ENSG00000214944",1383.7630519976,-1.10055792021524,0.191242190588701,-5.75478620500734,8.67515140005816e-09,3.87723631219702e-07,"ARHGEF28"
"ENSG00000186314",126.783320132237,-1.24479655065733,0.298702477701994,-4.16734591635769,3.08166679105669e-05,0.000525699386586788,"PRELID2"
"ENSG00000146054",42.4529825193142,-1.03705588794272,0.317599268260499,-3.26529684285077,0.00109349415003822,0.010433664263245,"TRIM7"
"ENSG00000145506",326.088871273969,-1.4108678531829,0.465028286544984,-3.03393985700356,0.00241382546099317,0.0197300346976749,"NKD2"
"ENSG00000175471",342.838559801165,-1.74314957091593,0.464455028421043,-3.75310732847898,0.000174656030057882,0.00229012394534433,"MCTP1"
"ENSG00000120129",7461.77983187991,-2.95837491698055,0.201754797143501,-14.6632197046415,1.10887577983815e-48,3.47743444557245e-45,"DUSP1"
"ENSG00000145777",337.60005953271,2.81959455816627,0.238183675169564,11.8379001254347,2.48599449731494e-32,2.03375967223817e-29,"TSLP"
"ENSG00000072571",84.9295381641187,-1.47491680877444,0.239643976786423,-6.15461664654697,7.52593150327743e-10,4.21180976026594e-08,"HMMR"
"ENSG00000288890",12.5116381163823,-1.99344475020242,0.638829144064991,-3.12046619776573,0.00180565020018122,0.0156494035990791,NA
"ENSG00000279204",88.877345165168,-1.5311985587063,0.411792763487658,-3.71837170167318,0.000200511085199627,0.00256479713060244,NA
"ENSG00000145911",138.18731950598,1.39614467437705,0.328615394744561,4.24856746429151,2.15141858367973e-05,0.000388200352337839,"N4BP3"
"ENSG00000145675",7742.67965809475,-1.636286666677,0.286823372408218,-5.70485819526651,1.16439985666548e-08,5.00213417877117e-07,"PIK3R1"
"ENSG00000211445",27242.0655256584,-3.74673648949658,0.380411022987735,-9.84917960596895,6.91057351449016e-23,2.32195270086869e-20,"GPX3"
"ENSG00000285420",7.01894496120628,-3.78626462137837,1.05069738791753,-3.60357288874841,0.000313872674824765,0.00376167404426928,"PDGFRL2P"
"ENSG00000198624",4484.92552908383,-2.90614698982529,0.252060779349331,-11.5295485371711,9.36334295974569e-31,7.047226445223e-28,"CCDC69"
"ENSG00000113460",1074.21977484874,-1.02719407175009,0.193968121425191,-5.29568500330225,1.1857107980542e-07,3.92787577045559e-06,"BRIX1"
"ENSG00000176928",976.152515752763,-1.94595982454413,0.643271365189287,-3.02509940570963,0.00248551421484009,0.0201466268944583,"GCNT4"
"ENSG00000178015",50.1636630066484,-2.71426714965257,0.476600028121721,-5.69506292383046,1.23326429078821e-08,5.27942738639871e-07,"GPR150"
"ENSG00000145569",52.4932945759343,-2.61846312408844,0.59993434242278,-4.36458282003663,1.2736558933871e-05,0.000245042017279873,"OTULINL"
"ENSG00000070808",51.7223963478058,2.30735835251646,0.409433585730715,5.63548871643866,1.74562574381489e-08,7.18067704159277e-07,"CAMK2A"
"ENSG00000055163",592.319333968604,1.0022040367353,0.266481922425953,3.76087063471923,0.000169322986699426,0.00222582543177747,"CYFIP2"
"ENSG00000245812",233.245694023377,-1.4378562571482,0.325215118373674,-4.4212466638654,9.81330717189973e-06,0.000196224429061068,"LINC02202"
"ENSG00000249364",35.5640897768019,-5.88704131044963,0.985401860494405,-5.97425430828386,2.31144995000504e-09,1.18435898770037e-07,"LINC02997"
"ENSG00000248367",6.35964009665043,1.89275181518826,0.675061200957611,2.80382254601997,0.00505006914532844,0.0347557063052304,"LOC124901151"
"ENSG00000172497",48.9136234468912,1.73586116761997,0.393595018465599,4.41027219904128,1.03240762327423e-05,0.000204900089106699,"ACOT12"
"ENSG00000174136",1917.53688727814,1.00143682400123,0.195673163677181,5.11790582408831,3.08946789504584e-07,9.42801268809135e-06,"RGMB"
"ENSG00000246763",341.431977146117,1.45237900512536,0.313054468660977,4.63938116372398,3.49454009490495e-06,7.84645184077943e-05,"RGMB-AS1"
"ENSG00000112936",4339.06051274643,-3.21961444607915,0.666067628608249,-4.83376508299397,1.33974674290316e-06,3.35668105385697e-05,"C7"
"ENSG00000138829",34810.5792469112,-2.07520981750809,0.670464956609244,-3.09518013887421,0.00196693397179852,0.0168139846997687,"FBN2"
"ENSG00000164292",32221.9798087825,-1.05560388698502,0.238559178931813,-4.42491415216828,9.64806427352528e-06,0.000193331179308468,"RHOBTB3"
"ENSG00000164330",1943.08594446063,-1.13371725474528,0.211297362232834,-5.36550595220401,8.07226180068865e-08,2.7818256051604e-06,"EBF1"
"ENSG00000182836",56.1506635442497,-2.90891547046114,0.819798052016903,-3.54833176695711,0.000387679566683936,0.00447794888073968,"PLCXD3"
"ENSG00000171617",1704.69006989342,1.22572078241819,0.255647704356696,4.79456987694277,1.6302423326813e-06,3.9478300813039e-05,"ENC1"
"ENSG00000286818",7.57100163758792,4.89038333192569,1.26641648268688,3.86159166339186,0.000112650732115182,0.00159251403116398,NA
"ENSG00000157510",1106.98929330141,-1.7038140278396,0.22024894321161,-7.73585563224528,1.02709961774648e-14,1.32369221969299e-12,"AFAP1L1"
"ENSG00000256235",2472.58107944334,-1.26812480045148,0.104622919219508,-12.1209082093269,8.18470778617136e-34,9.05902715909414e-31,"SMIM3"
"ENSG00000260455",44.5562108120519,2.32384232915498,0.664862338205863,3.49522329002105,0.000473665312127828,0.00527366065857824,NA
"ENSG00000124766",2770.57220669938,2.3413582899135,0.261241694700463,8.96242191583575,3.17623895112735e-19,7.37828544498917e-17,"SOX4"
"ENSG00000146122",4487.34941885382,-1.64845974096055,0.257705690670076,-6.39667574539891,1.58796042120515e-10,1.00602906684835e-08,"DAAM2"
"ENSG00000057657",462.385065046638,-1.23514560136886,0.280603318562851,-4.40174980001956,1.07381343484786e-05,0.000210686898749712,"PRDM1"
"ENSG00000112218",125.697424049784,-1.41009118112143,0.436195038466503,-3.23270797870324,0.00122622840429581,0.0114961204061933,"GPR63"
"ENSG00000281969",21.9562402117115,-1.80918396339682,0.646446741479807,-2.79865895720249,0.00513153048139992,0.0352261501415618,NA
"ENSG00000146250",692.295001914254,2.7410223558678,0.336591958878822,8.14345763041418,3.84146974993976e-16,6.02342456790555e-14,"PRSS35"
"ENSG00000223811",7.18718863450639,2.96916350074784,0.979968377201379,3.02985644213057,0.0024467000517,0.0199467539743446,NA
"ENSG00000286511",63.762423780928,-2.33490506525061,0.556106187966562,-4.19866765696017,2.68490030328739e-05,0.000468202818412007,NA
"ENSG00000112773",1133.71240101806,1.20058994639759,0.142263316684672,8.43920958948755,3.19490755307234e-17,5.67126231307633e-15,"TENT5A"
"ENSG00000112837",6040.75772558187,1.79121509260563,0.199449254442148,8.98080615851678,2.68790022912076e-19,6.32194133889202e-17,"TBX18"
"ENSG00000277443",11122.8729341857,1.170061667647,0.165763284140795,7.05862986313172,1.68152307593144e-12,1.62254042034492e-10,"MARCKS"
"ENSG00000189007",360.628770420729,1.09322118749418,0.193767432441174,5.64192430957702,1.68160027372578e-08,7.00021919257175e-07,"ADAT2"
"ENSG00000118689",6216.3086296835,-1.30931679753716,0.150911669479628,-8.67604739946179,4.09761437920669e-18,7.94852702671681e-16,"FOXO3"
"ENSG00000111816",181.903684025665,1.21141995179966,0.197045588000591,6.14791716014483,7.85070145055644e-10,4.36352333878804e-08,"FRK"
"ENSG00000164483",20.7277486725428,1.51558978251967,0.472458270353283,3.20788073280289,0.00133716938678117,0.0123637244135992,"SAMD3"
"ENSG00000203727",719.512802296638,1.05427336154581,0.245639104497563,4.29196061312082,1.77102368505726e-05,0.00032803063198198,"SAMD5"
"ENSG00000135312",17.4447269976797,-2.99838871763152,0.969713258123375,-3.09203642676198,0.00198788453763255,0.0169632813877977,"HTR1B"
"ENSG00000137393",348.631676480612,-2.16050921146048,0.356561425201595,-6.05929037399084,1.36723380585045e-09,7.26719527991018e-08,"RNF144B"
"ENSG00000168994",2944.34460651308,-1.37520280046639,0.211614933682991,-6.4986094153757,8.10658258687379e-11,5.56691452389114e-09,"PXDC1"
"ENSG00000272341",137.429760621435,1.47667872801258,0.332797878359488,4.43716388845926,9.11518935717592e-06,0.000184420863381314,NA
"ENSG00000164484",1777.18861261358,1.18124564994704,0.121306268738183,9.73771316383115,2.08186510328836e-22,6.63938538702945e-20,"TMEM200A"
"ENSG00000096060",5670.68015320474,-3.93523451677604,0.295621886413285,-13.3117157343165,1.97884658599045e-40,2.86415210476895e-37,"FKBP5"
"ENSG00000180316",7.43841598699995,-2.21069279673675,0.70258115392556,-3.14653016862871,0.0016522021572567,0.0146089453904803,"PNPLA1"
"ENSG00000196230",16314.5487132898,1.16633944467298,0.263573227995879,4.42510589387786,9.63949865532548e-06,0.000193331179308468,"TUBB"
"ENSG00000137331",216.891880984726,1.22411606519209,0.401637446705407,3.04781358220802,0.00230512878308937,0.0189735564908707,"IER3"
"ENSG00000137266",316.165664529795,1.33036134433061,0.223736851182519,5.94609845136925,2.74609020866722e-09,1.38156238947279e-07,"SLC22A23"
"ENSG00000118523",23380.6495551345,-1.37826664884922,0.47224587661884,-2.91853612088104,0.00351679128522698,0.0263004550170234,"CCN2"
"ENSG00000197594",1454.92556737198,-1.35644396178722,0.412527303681347,-3.28813135441573,0.00100854771639632,0.00977683350423141,"ENPP1"
"ENSG00000203722",113.747224981323,1.08973970749359,0.205334196544193,5.30715158913653,1.1135157081396e-07,3.71487793694233e-06,"RAET1G"
"ENSG00000235109",141.254870719355,1.63205206648149,0.325876408888158,5.00819335787395,5.4943323842261e-07,1.54762512188021e-05,"ZSCAN31"
"ENSG00000220884",21.4877620629019,1.57810426701451,0.562436725004509,2.80583432207748,0.00501864892155644,0.0346408283595033,NA
"ENSG00000226149",24.4714370214923,-1.40898099526475,0.39874540301265,-3.53353539531602,0.000410041181284628,0.00467740375793415,NA
"ENSG00000196569",35076.7421498549,-2.07107239272598,0.298749753246281,-6.93246561786665,4.13568085601512e-12,3.67061183899908e-10,"LAMA2"
"ENSG00000091831",74.6215525134202,1.22182830752443,0.374918460438472,3.25891743526175,0.00111838210675341,0.0106146589327843,"ESR1"
"ENSG00000112137",157.464035416543,1.17903922505481,0.292014737284398,4.03760178688011,5.40004167064395e-05,0.000856998100033345,"PHACTR1"
"ENSG00000289198",8.30348549291628,3.17907929498807,0.783778355275655,4.05609477933336,4.99000172813951e-05,0.000800442220943504,NA
"ENSG00000124762",17542.1869853837,1.0041949332891,0.235546275620286,4.26325965309647,2.01466182129983e-05,0.000367324387883504,"CDKN1A"
"ENSG00000172738",71.7891662752103,1.58065739263164,0.522377705989587,3.02588983891886,0.00247902604063973,0.0201264920768219,"TMEM217"
"ENSG00000286364",67.4655477890288,-1.91217173371228,0.490988495324992,-3.89453470278685,9.83874063015317e-05,0.00142294960566458,NA
"ENSG00000135604",57.6210870586222,-2.32016341823036,0.515599822002688,-4.49993060358012,6.79756502470237e-06,0.000141017622386769,"STX11"
"ENSG00000272168",244.208193242726,1.48275121182517,0.391014182790129,3.79206503775598,0.000149399772925936,0.00200078727927005,"LOC105374971"
"ENSG00000079691",3317.91106259635,-1.17800802592712,0.194655186239328,-6.05176799388617,1.43264702233427e-09,7.57210291355103e-08,"CARMIL1"
"ENSG00000229931",96.0721234631925,1.19763608646384,0.381744751665474,3.1372692911659,0.0017052942218595,0.0149588886146892,NA
"ENSG00000289961",13.7496692908167,2.12492271706759,0.529323361906275,4.01441324904878,5.95938566264789e-05,0.000925943853248411,"LOC124901497"
"ENSG00000287260",36.0354818830405,1.31706165655872,0.429083297060295,3.06947780438456,0.00214433338697269,0.0180185278942488,"LOC101928868"
"ENSG00000236013",20.8555291586564,-1.58206034378159,0.537117040594732,-2.94546667525168,0.00322467882605931,0.0244758196011021,"LINC02941"
"ENSG00000118507",223.101616980333,-1.02102600858914,0.157446595724253,-6.48490368364226,8.87884873449602e-11,5.98489482816974e-09,"AKAP7"
"ENSG00000112715",4191.37358522683,1.19903558422075,0.262461012689461,4.56843312434914,4.91383799763287e-06,0.000105801251423905,"VEGFA"
"ENSG00000111859",3950.57687675024,-1.67083796378559,0.288899410379335,-5.78345923791163,7.31799264292074e-09,3.31796023058305e-07,"NEDD9"
"ENSG00000009413",16976.3973012283,-1.12697614659098,0.173796942477442,-6.48444173140306,8.90609349430021e-11,5.98489482816974e-09,"REV3L"
"ENSG00000272841",255.688092719105,2.07169585087732,0.513707975547034,4.03282788956357,5.51096422488474e-05,0.000867734751928295,"MAP3K4-AS1"
"ENSG00000146373",1801.95795838419,-1.09542711022228,0.154354578827069,-7.0968229031258,1.276574692781e-12,1.26421207470355e-10,"RNF217"
"ENSG00000164442",16571.4898757437,-1.61897928669927,0.265635443939712,-6.09474120880761,1.09614635172773e-09,5.90976783785358e-08,"CITED2"
"ENSG00000240859",114.899600991838,-1.31143423322825,0.232615807877345,-5.63776918342432,1.72267194749496e-08,7.12391106902529e-07,"LINC03014"
"ENSG00000105963",19.0771422635356,-2.00103223030626,0.69172207501516,-2.89282690632998,0.00381791639723337,0.0279416238546648,"ADAP1"
"ENSG00000070882",2439.38968134271,1.07977910472346,0.215019573766705,5.02177120811807,5.11971471489093e-07,1.45958412235436e-05,"OSBPL3"
"ENSG00000122679",22.1607837114105,4.33109011375729,1.16294274339441,3.72425051736912,0.00019589632654708,0.00251603090806133,"RAMP3"
"ENSG00000146592",1466.75222777409,2.00313451058717,0.241649499706947,8.2894213024087,1.13800781265893e-16,1.92907702729644e-14,"CREB5"
"ENSG00000078053",797.578536789361,-1.14685205585939,0.164925233123866,-6.95376949989243,3.55652542521967e-12,3.21728761542949e-10,"AMPH"
"ENSG00000075213",1553.39729367687,1.19531398083646,0.221580930877309,5.39448036482126,6.87221411717299e-08,2.39458483016161e-06,"SEMA3A"
"ENSG00000070669",35.2856155013968,1.2203547789381,0.381609870136407,3.19791198928341,0.00138426520737948,0.0126869625631039,"ASNS"
"ENSG00000173114",132.451362374273,1.20174800022719,0.272501639509982,4.41005787116803,1.03342997747798e-05,0.000204900089106699,"LRRN3"
"ENSG00000106034",5345.12158659006,-1.10307804207559,0.341426098006792,-3.23079591312803,0.00123446048791036,0.0115445370479729,"CPED1"
"ENSG00000198074",26.3582186444737,1.26285268266634,0.457365759891928,2.76114391021476,0.00575992897352051,0.0386060256401873,"AKR1B10"
"ENSG00000273117",14.4793959519579,1.85397507909264,0.605022534233164,3.0643074830964,0.00218174543814085,0.0182695692763944,"INSIG1-DT"
"ENSG00000106018",8.78468878479245,-2.08420705540734,0.647177217005498,-3.2204580146548,0.00127985938246337,0.0119214540144124,"VIPR2"
"ENSG00000215018",13.8483832888868,-2.52869530430121,0.682103916874971,-3.70719950691138,0.000209563848287199,0.0026678980848254,"COL28A1"
"ENSG00000213420",33.2649906560998,1.53209205391368,0.456479910315625,3.35631868849242,0.000789874931418747,0.00803801336375075,"GPC2"
"ENSG00000128510",340.019496832334,2.31896332769128,0.711487592568544,3.25931660919002,0.00111680957946759,0.0106077178431409,"CPA4"
"ENSG00000106484",1520.66813115349,1.76205228798885,0.466899066546918,3.77394690681349,0.000160684971840816,0.00212769066161632,"MEST"
"ENSG00000227014",21.2918922723457,-1.91870463044267,0.499820528934712,-3.83878716332857,0.000123643549272161,0.00172204072768689,NA
"ENSG00000005471",72.0338395706023,1.22248740655017,0.414555392482368,2.94891208441382,0.00318894678571579,0.0243101367908265,"ABCB4"
"ENSG00000235314",31.2999962364719,-1.05286481046272,0.384092439728786,-2.74117556493996,0.00612197863516171,0.0405745508979228,"LINC00957"
"ENSG00000122641",1941.21610215228,-1.09103183276356,0.340625493977018,-3.20302458875016,0.0013599236922239,0.0125310108682101,"INHBA"
"ENSG00000106123",4894.17671176716,-1.32694357984799,0.343854552580421,-3.85902577089667,0.000113839934019646,0.00160450351948589,"EPHB6"
"ENSG00000165125",56.9183586067464,-1.68482977987067,0.476806660621738,-3.53357014281998,0.000409987284324276,0.00467740375793415,"TRPV6"
"ENSG00000271344",27.1880335379425,-1.03742726046528,0.382174850529135,-2.71453566091259,0.00663687543904729,0.0431064716123969,NA
"ENSG00000136267",17.0023452171164,3.4537048839909,1.10646330135631,3.12139126508518,0.00179998706646944,0.0156148255614057,"DGKB"
"ENSG00000105835",4076.3246907332,-1.04556509977195,0.152423243247548,-6.85961719154514,6.9045317210752e-12,5.85205715602482e-10,"NAMPT"
"ENSG00000008311",2761.92574135275,-1.11623382664711,0.185897537227734,-6.0045648979183,1.91845668666686e-09,9.99935762225032e-08,"AASS"
"ENSG00000127954",746.350755052135,-5.16318680511433,0.860929389274317,-5.99722447559423,2.00718516862265e-09,1.04329271085093e-07,"STEAP4"
"ENSG00000004846",38.3379568107883,1.75077739458469,0.64950879943207,2.69554068569289,0.00702744950337961,0.0451137802304984,"ABCB5"
"ENSG00000196511",111.896111270154,1.04142179491459,0.246163443197625,4.23061109881583,2.33057301444955e-05,0.000416844694295464,"TPK1"
"ENSG00000106003",34.7169573362989,2.78181514079729,0.523747779884199,5.31136407186747,1.0880771199477e-07,3.64942229749302e-06,"LFNG"
"ENSG00000253276",2482.16146775593,-1.11272208063581,0.240061166753563,-4.63516067877018,3.56660330588651e-06,7.97021470351075e-05,"CCDC71L"
"ENSG00000105989",764.870675589231,3.0971213019391,0.869986913931117,3.55996308949576,0.000370906923095403,0.00432403015177392,"WNT2"
"ENSG00000077063",729.099046390218,1.02459010206587,0.174395832190319,5.8750836484884,4.22629887404201e-09,2.05483306496058e-07,"CTTNBP2"
"ENSG00000164647",3371.6309454131,-1.5710979601686,0.146360991519533,-10.7344036403233,7.01705579565046e-27,3.56845734732322e-24,"STEAP1"
"ENSG00000157214",6552.84445382171,-1.98768637306479,0.224063365187489,-8.8710904230219,7.24331077723002e-19,1.56655328257885e-16,"STEAP2"
"ENSG00000004799",2033.29946930132,-2.60057180284594,0.89317951075343,-2.91158918396176,0.00359595236018901,0.0267225274918311,"PDK4"
"ENSG00000128606",2572.48188337166,2.17493663719299,0.65935993716166,3.29855745642573,0.000971829892349842,0.00950413266863546,"LRRC17"
"ENSG00000164619",1211.07474033759,1.45272099740591,0.349289920571062,4.15906933423909,3.19546900292504e-05,0.000543634220244462,"BMPER"
"ENSG00000001626",16.0809060902439,1.25102196402447,0.415537724358307,3.01060984524657,0.00260723624437831,0.0208313193945742,"CFTR"
"ENSG00000235207",10.4615383662081,2.29631372863122,0.602083474630399,3.81394578225363,0.000136765484776224,0.00186348810568744,"TUBBP6"
"ENSG00000161040",36.6077028318258,1.26476195721446,0.433481161607963,2.91768609395373,0.00352639155005327,0.0263337120028051,"FBXL13"
"ENSG00000015520",39.1668952822263,2.64001666964357,0.654389421358603,4.03432051844989,5.47605280410097e-05,0.000864407798338623,"NPC1L1"
"ENSG00000008256",8213.51076593884,-1.2206064145803,0.207362710060862,-5.88633517676369,3.94853149711779e-09,1.9449101740777e-07,"CYTH3"
"ENSG00000136237",219.780667967982,-2.83654826858644,0.490715484009275,-5.78043359343603,7.45083442297069e-09,3.36365508550637e-07,"RAPGEF5"
"ENSG00000286214",72.7848970333966,2.76903578417593,0.636386767524341,4.35118378552713,1.35404493787629e-05,0.000259447144104687,NA
"ENSG00000128594",42.2950972173832,1.80401914613431,0.403263342180281,4.47355104577747,7.69311819460378e-06,0.000157683782080245,"LRRC4"
"ENSG00000174697",254.474005789999,-3.16615593023998,0.725345430738301,-4.36503188145443,1.27104219285167e-05,0.000244789456506623,"LEP"
"ENSG00000106617",2292.65198948456,-1.57892199864914,0.257561302655903,-6.1302764909469,8.77264805707128e-10,4.7984344721469e-08,"PRKAG2"
"ENSG00000239911",9.02078136579119,-2.70032460427524,0.764203959245578,-3.53351297334419,0.000410075963587152,0.00467740375793415,NA
"ENSG00000147027",27792.0780938674,-1.156489596271,0.269569120774093,-4.29014121851209,1.78559538585351e-05,0.000329847303968604,"TMEM47"
"ENSG00000147119",980.919437867727,-1.53762105972421,0.205960958068553,-7.46559481050974,8.29241567187796e-14,9.45636928982156e-12,"CHST7"
"ENSG00000069535",863.794984175082,-1.20870751914103,0.38598499879105,-3.13148832966783,0.00173922698352076,0.0151998583009413,"MAOB"
"ENSG00000158813",115.775948510301,-1.59073902124917,0.347478044247453,-4.5779554926824,4.69542561421823e-06,0.000101550722249575,"EDA"
"ENSG00000179300",149.062732139462,-3.08207848667419,0.865036669266168,-3.56294547523494,0.000366716869531231,0.00429113471212664,"RTL3"
"ENSG00000286977",15.6826927264588,1.42766101783048,0.513699195663493,2.77917705513732,0.00544968119905342,0.0369651050617841,NA
"ENSG00000186310",173.291186462875,1.0178309958381,0.237822161630248,4.27979877426462,1.8706236551316e-05,0.00034431953059982,"NAP1L3"
"ENSG00000155962",892.538614847058,1.22630394553425,0.195010080232035,6.28841311215871,3.20727492453184e-10,1.91581222158702e-08,"CLIC2"
"ENSG00000158423",26.8040781980325,1.08607587547608,0.38224372046866,2.84131777009828,0.00449275203648666,0.031643872237769,"RIBC1"
"ENSG00000172465",922.474772073446,-1.02825075873842,0.147606882061512,-6.96614374870355,3.25746312350531e-12,3.01933133654561e-10,"TCEAL1"
"ENSG00000123562",10876.1386707806,-1.02417314922768,0.0969052495965975,-10.568809775437,4.15737271000834e-26,1.90792987589066e-23,"MORF4L2"
"ENSG00000279894",16.109451102366,-1.28752289034332,0.459716834775062,-2.80068684231087,0.00509939777646883,0.0350311312749315,NA
"ENSG00000196507",1658.87327920731,-1.06909161116038,0.162382975284961,-6.58376661275152,4.58676940355781e-11,3.25677936216391e-09,"TCEAL3"
"ENSG00000101938",432.527450220628,-1.11187780929035,0.388839492214838,-2.85947757764281,0.00424339415284547,0.0303588229581523,"CHRDL1"
"ENSG00000102385",245.429534473993,1.06283622135393,0.240911817596512,4.41172306098327,1.02551229922582e-05,0.000203759655989788,"DRP2"
"ENSG00000126950",1731.06864191255,1.63463190559589,0.309295394770346,5.28501857200174,1.25692005054405e-07,4.15645126028767e-06,"TMEM35A"
"ENSG00000130066",7552.28781725052,-1.31932162236078,0.16594947184548,-7.95014053186763,1.86300057588927e-15,2.67589456762844e-13,"SAT1"
"ENSG00000126016",852.668223828128,2.27449021475696,0.34247012856771,6.64142658009154,3.10661491266899e-11,2.26566148049534e-09,"AMOT"
"ENSG00000189420",69.9488507048399,-1.57702194461657,0.498402059366885,-3.16415615661751,0.00155533320821579,0.0139424247955161,"ZFP92"
"ENSG00000183837",23.9736432918691,1.06244442334025,0.366992513108769,2.8950029915879,0.00379154919166173,0.0277810707127364,"PNMA3"
"ENSG00000189221",5211.5664171989,-3.29485049447978,0.232278645111559,-14.1849049140842,1.13619635066788e-45,2.67233381677086e-42,"MAOA"
"ENSG00000101825",9984.90047277328,1.34758759442571,0.269067889250712,5.00835531946383,5.48971188698327e-07,1.54762512188021e-05,"MXRA5"
"ENSG00000133142",6705.70224204141,-1.54669029628002,0.158599350890036,-9.75218553922338,1.80538929187419e-22,5.85693188205255e-20,"TCEAL4"
"ENSG00000260802",13.840530105009,-5.83392650185143,1.37534311120473,-4.24179715906761,2.21737052810921e-05,0.000398491345338136,"SERTM2"
"ENSG00000157514",4829.69754641916,-3.35446070278251,0.354218411232753,-9.47003486100086,2.79750316065431e-21,8.22465929232367e-19,"TSC22D3"
"ENSG00000198947",2892.51040409773,-1.00828243189355,0.369721753038485,-2.72713851323916,0.00638862148348174,0.0417825171474426,"DMD"
"ENSG00000046653",1711.25305820182,-2.64774823730275,0.78550665016341,-3.37075215945268,0.000749632656680008,0.00771685950769254,"GPM6B"
"ENSG00000179388",107.018005664326,1.79344298503228,0.391371520327674,4.58245654546026,4.59545224913984e-06,9.96175455297411e-05,"EGR3"
"ENSG00000159167",2028.61065317018,-2.29161769191787,0.69509239844427,-3.29685333496221,0.000977745441835444,0.0095421463867094,"STC1"
"ENSG00000253139",26.3253716468594,-2.09632304312044,0.640482342343048,-3.27303799734987,0.00106398173153584,0.0102403479593751,NA
"ENSG00000172817",118.066364989432,-1.183894793443,0.323683800020937,-3.65756578910164,0.000254621916924719,0.00315060472156782,"CYP7B1"
"ENSG00000253302",17.2842696335551,1.35577213183526,0.442872719668201,3.06131326592209,0.00220368400609716,0.0183825423615593,"STAU2-AS1"
"ENSG00000254025",18.418013911983,-1.14066430804693,0.38328804390158,-2.97599762423017,0.00292037124377331,0.0226489168702529,"BRIX1P1"
"ENSG00000164761",16717.7266000857,1.53931517238927,0.347758264061967,4.42639422686725,9.58213345698605e-06,0.000192625452058386,"TNFRSF11B"
"ENSG00000136999",873.492528562815,2.50338676194363,0.328284002262295,7.62567394296435,2.42762725028385e-14,2.96611911307409e-12,"CCN3"
"ENSG00000156804",8240.1263661118,-1.10654623674987,0.264010746182066,-4.19129241044901,2.77369903035734e-05,0.00048161971326579,"FBXO32"
"ENSG00000286282",17.0324173155132,2.6932682527878,0.542864682436374,4.96121471874064,7.00537002915237e-07,1.90206410488501e-05,NA
"ENSG00000120899",838.013150108297,-1.13224322050014,0.377902933988385,-2.99612180448152,0.0027343718737451,0.0215813511645922,"PTK2B"
"ENSG00000182674",13.6113592202942,2.64745983948321,0.968002372101847,2.73497247091938,0.00623854932656125,0.0411005685241248,"KCNB2"
"ENSG00000147655",330.492992353117,1.5062867108689,0.502091236016647,3.00002589732309,0.00269956652615651,0.0213899979948661,"RSPO2"
"ENSG00000155897",49.6472288909151,3.93667697669576,0.774834594060593,5.08066754746357,3.7611083945601e-07,1.11976290430447e-05,"ADCY8"
"ENSG00000254332",27.4172637719744,-1.08163156299234,0.366392810681453,-2.95210913385723,0.00315611362125494,0.0241669755442421,NA
"ENSG00000261655",13.1965513963137,1.77900391447425,0.528254084946158,3.36770498358868,0.000757966565257598,0.00778913101686891,NA
"ENSG00000204882",7.74888490077305,2.58969917886863,0.749151334298706,3.45684384489937,0.000546541455383843,0.00592380416157971,"GPR20"
"ENSG00000214814",517.712956016387,3.16477166222538,0.466987464632815,6.77699489153051,1.22701224280841e-11,9.74154529986624e-10,"FER1L6"
"ENSG00000170873",2294.9835176497,-2.00579026202154,0.593290362864379,-3.38079022948843,0.000722776989638365,0.007488861143742,"MTSS1"
"ENSG00000177570",229.008146556805,1.96052314432433,0.368727405319055,5.31699872600441,1.05492806752346e-07,3.57005872635277e-06,"SAMD12"
"ENSG00000158806",73.1937759164342,1.33481525420064,0.307883768840981,4.33545184673265,1.45461015699437e-05,0.00027590670074603,"NPM2"
"ENSG00000168481",45.5070017611228,-5.23746886591692,0.77204676772869,-6.78387512886713,1.16994461255833e-11,9.40755462816131e-10,"LGI3"
"ENSG00000271930",48.8645370943869,1.03177676104145,0.282098390677111,3.65750672510012,0.000254680579374184,0.00315060472156782,NA
"ENSG00000175946",140.584014134513,-1.10120336275546,0.225411851856191,-4.88529486665149,1.03274179041474e-06,2.65828584520435e-05,"KLHL38"
"ENSG00000156466",15.4815913768594,1.69443789346361,0.595292071042004,2.84639755153743,0.00442169544760976,0.0312900497516564,"GDF6"
"ENSG00000170323",19.0601522761424,-3.23797473338439,1.01204057149393,-3.19945150875189,0.00137689347522354,0.0126278245611271,"FABP4"
"ENSG00000254254",273.782382087478,-1.46163541886568,0.360002013340258,-4.06007567931075,4.90568128159817e-05,0.00078826045255808,"PENK-AS1"
"ENSG00000221869",4264.87769146852,-1.50372097824972,0.169150559247078,-8.88983746162631,6.11983646946374e-19,1.35471580011094e-16,"CEBPD"
"ENSG00000156675",2130.44975554902,-1.48867333781428,0.368303529364702,-4.04197413036508,5.30030812640797e-05,0.00084313805428414,"RAB11FIP1"
"ENSG00000127589",334.314956058467,1.27438133289188,0.282542283546513,4.51040926298059,6.47026731828405e-06,0.000135121586970957,NA
"ENSG00000254109",109.579107281687,-1.02686531930168,0.278776363393967,-3.6834734006861,0.000230077302139168,0.00288994293528076,"RBPMS-AS1"
"ENSG00000282164",26.5529384093555,1.69516889565468,0.426225110435811,3.97716806013937,6.97408767038645e-05,0.00106142771674742,"PEG13"
"ENSG00000285791",7.81347517021091,-2.01352588983994,0.74194485052991,-2.71384845976334,0.00665065817161486,0.0431513048817604,NA
"ENSG00000147576",190.86262311994,-1.39938551630335,0.278431114842885,-5.02596671745182,5.00902763219497e-07,1.43454891822497e-05,"ADHFE1"
"ENSG00000253741",25.3020701493145,1.3401258798125,0.488869645581456,2.74127447249985,0.00612013592569663,0.0405745508979228,"LNCOC1"
"ENSG00000272384",20.799075872337,1.70669430806261,0.480913397538265,3.54885997520336,0.000386902762467666,0.00447172136277126,NA
"ENSG00000246430",5970.80699798982,-1.97786271022439,0.249808363462149,-7.91751998537099,2.42294692178445e-15,3.37704957631823e-13,"LINC00968"
"ENSG00000171033",541.350088541749,1.3353462060348,0.345589714912917,3.86396396771035,0.000111561685407319,0.00157949185299031,"PKIA"
"ENSG00000164933",8.35355376052757,-1.50398606607951,0.566428154773413,-2.65521064481894,0.00792588985128401,0.0495915038024073,"SLC25A32"
"ENSG00000184156",35.4543224542682,-2.38694679631082,0.471839141390524,-5.05881472502773,4.21870510429179e-07,1.23259557829743e-05,"KCNQ3"
"ENSG00000061337",145.306199438868,1.02554794889115,0.201728513862365,5.08380262787667,3.69952375095957e-07,1.10492442695326e-05,"LZTS1"
"ENSG00000154319",191.718395398472,-1.00593679042133,0.228465983929351,-4.40300465356102,1.06761875050302e-05,0.000209702784644695,"FAM167A"
"ENSG00000135069",1543.63929809021,1.2576959821865,0.300715052767939,4.18235126778659,2.88509754685999e-05,0.000496215680454456,"PSAT1"
"ENSG00000165105",73.144116427132,1.95050592532852,0.601385356359675,3.24335453915172,0.00118131113300621,0.0111193348067258,"RASEF"
"ENSG00000083223",3256.15885694314,-1.13352121123799,0.173350644868035,-6.53889238255155,6.19760991889655e-11,4.30310805291356e-09,"TUT7"
"ENSG00000165030",3193.00010269589,-1.17235151883357,0.199964955151333,-5.86278489621512,4.5516771155179e-09,2.17924571515483e-07,"NFIL3"
"ENSG00000165072",1478.02312136271,-2.29728925714642,0.760928161854314,-3.01906194606877,0.00253558680756305,0.0204148914724461,"MAMDC2"
"ENSG00000078725",66.8310850397486,1.0541557314283,0.364952113140025,2.88847685346553,0.00387112518564986,0.0282541084147353,"BRINP1"
"ENSG00000148175",29271.4327868223,-1.43596774791725,0.0910476799655744,-15.7716017416391,4.87964055833686e-56,3.06051055818888e-52,"STOM"
"ENSG00000185972",28.520847674845,1.47246941814614,0.373751915307355,3.93969731749804,8.15844769164823e-05,0.00121736202827957,"CCIN"
"ENSG00000196196",60.1786227705536,-1.33558974331846,0.446743637951201,-2.98961110995015,0.00279332833947057,0.0219291828516118,"HRCT1"
"ENSG00000119139",299.476607857926,-1.86892010839418,0.250715791978317,-7.45433741387863,9.03205798032984e-14,1.02223549944565e-11,"TJP2"
"ENSG00000126878",207.098465676546,2.68110591055477,0.477252660618343,5.6177914379378,1.9341376254502e-08,7.87721505637901e-07,"AIF1L"
"ENSG00000181634",57.3708033623235,2.60909187944118,0.491078573856121,5.31298252121585,1.07845385882502e-07,3.62360496565207e-06,"TNFSF15"
"ENSG00000231991",1528.4189759773,-1.10053082096453,0.346064560752836,-3.18013152970769,0.0014720821894487,0.0133359164548227,NA
"ENSG00000260230",137.424488602626,1.00582368527418,0.240438937429182,4.18328119408875,2.87331630074547e-05,0.000494641532615066,"FRRS1L"
"ENSG00000127083",932.056946852036,-1.74747634505517,0.650236472342476,-2.68744744317385,0.00720004320293228,0.0459864266484636,"OMD"
"ENSG00000119138",3730.24428058758,-2.1093444506661,0.202834764241508,-10.3993240929577,2.49698049717799e-25,1.04407077855336e-22,"KLF9"
"ENSG00000107104",2833.91305638455,-1.2240475701517,0.266756697484955,-4.58862919541405,4.46166143026496e-06,9.72776610334479e-05,"KANK1"
"ENSG00000165272",306.31623070947,2.90723984742887,0.433816480701509,6.70154311041314,2.0622999348068e-11,1.56468691827923e-09,"AQP3"
"ENSG00000137124",1477.15409181957,-1.02999222795004,0.25858893089185,-3.98312574477835,6.80147446207739e-05,0.00103961448804588,"ALDH1B1"
"ENSG00000119508",476.660090603349,-2.14016036302627,0.319471448633473,-6.69906613620944,2.09755652984213e-11,1.5850451271289e-09,"NR4A3"
"ENSG00000240498",125.933083661442,1.09002352761462,0.19987890021859,5.45341967772767,4.94102698348016e-08,1.80876194010044e-06,"CDKN2B-AS1"
"ENSG00000147883",1131.40072776531,1.49167102986831,0.273979969009091,5.4444528746509,5.19648586101753e-08,1.88758837762366e-06,"CDKN2B"
"ENSG00000120162",132.013118441935,-2.86026651832311,0.405447008062114,-7.05460013626473,1.73097761033657e-12,1.66173850592311e-10,"MOB3B"
"ENSG00000157654",17174.629017576,-1.13104107960489,0.200720927002904,-5.63489366302365,1.75166388291405e-08,7.18067704159277e-07,"PALM2AKAP2"
"ENSG00000165023",26.2352290436175,1.49718944629026,0.55389318935407,2.70302916711475,0.00687107167015437,0.0443064032027501,"DIRAS2"
"ENSG00000237886",31.3480178132494,1.33591242552836,0.44554499137871,2.99837828138179,0.00271420550277947,0.0214709279168381,"NALT1"
"ENSG00000106976",2244.21283320617,1.75115968755516,0.198441156702556,8.82457911782875,1.0987223513674e-18,2.32287188352012e-16,"DNM1"
"ENSG00000165244",93.2609305556247,-1.25964879601102,0.343820882706628,-3.66367739531935,0.000248619887639599,0.00309189147774402,"ZNF367"
"ENSG00000119514",678.99757446818,1.13908541104672,0.380580644991721,2.99301981337359,0.00276231815537024,0.0217562906703417,"GALNT12"
"ENSG00000188312",158.261496152024,1.30202134039783,0.240149159830169,5.42171932360126,5.90285148637688e-08,2.09562365222014e-06,"CENPP"
"ENSG00000148120",1437.08090285896,-1.11044306292547,0.155783587566376,-7.12811330302905,1.01754003829987e-12,1.05197985498079e-10,"AOPEP"
"ENSG00000287935",16.2728482248371,-2.04957459282769,0.543400066104925,-3.77175992546151,0.000162100180990097,0.00213890393093245,"LOC124902606"
"ENSG00000205213",858.416296933646,1.08857295389139,0.202389939834114,5.37859221057934,7.50705301164329e-08,2.59655715932133e-06,"LGR4"
"ENSG00000135362",241.773453342899,-1.55647429748957,0.178243777613542,-8.7322784465679,2.49592835675249e-18,4.99610510219733e-16,"PRR5L"
"ENSG00000279266",9.77032702973066,2.0943099263007,0.579062046525351,3.61672801536132,0.000298350508497858,0.00361246021100109,NA
"ENSG00000176971",5785.57535769136,-1.28071208766145,0.253330359618733,-5.05550179453007,4.29260591874244e-07,1.25224299173733e-05,"FIBIN"
"ENSG00000165895",301.29638120386,1.30731008280428,0.288005798957212,4.53917972324752,5.64734871511819e-06,0.000119316613600866,"ARHGAP42"
"ENSG00000254987",15.6005577374168,-2.557597657923,0.691839958157358,-3.69680534893488,0.000218329615487847,0.00276266983525173,NA
"ENSG00000137672",1412.99648325706,-1.95022825935488,0.222791476758248,-8.75360353875245,2.06646125665958e-18,4.2728060445392e-16,"TRPC6"
"ENSG00000137642",31.7545886659504,1.61661390129176,0.471754528590921,3.42681162196876,0.000610712578215785,0.00651653383765644,"SORL1"
"ENSG00000121621",70.5711461723805,1.4695022625183,0.39356721779184,3.73380250205578,0.000188610414790064,0.00244414157347786,"KIF18A"
"ENSG00000149256",1414.32951121677,1.43153897981834,0.326629142220624,4.38276563470688,1.17182152952888e-05,0.000227778862599332,"TENM4"
"ENSG00000154127",920.395305876682,-1.11077737103159,0.256415752956405,-4.33193888528544,1.47801972648932e-05,0.000279501700237418,"UBASH3B"
"ENSG00000254842",22.6135808617034,-2.93717722440075,0.655538108005225,-4.48055908349623,7.44477667704688e-06,0.000153429263916007,NA
"ENSG00000165495",32.8816344831352,2.37406809966993,0.467699961492318,5.07604938023696,3.85363182420965e-07,1.1400933396907e-05,"PKNOX2"
"ENSG00000085117",4260.65221870491,-1.25102418945013,0.268395889815827,-4.66111530362327,3.14500461304188e-06,7.1125488941101e-05,"CD82"
"ENSG00000109881",150.723458988807,1.27149473005601,0.182747127895343,6.95767284936035,3.45939386641198e-12,3.1527100136291e-10,"CCDC34"
"ENSG00000068831",206.465277924374,-1.98356223856947,0.307282375424879,-6.45517737822354,1.08092221542005e-10,7.2122809948027e-09,"RASGRP2"
"ENSG00000168062",69.3527292472122,1.316531691537,0.481808337488713,2.73248009446877,0.00628594697235336,0.0412976180976958,"BATF2"
"ENSG00000177666",4075.36963173967,-1.09593080043358,0.102794693664168,-10.661355770114,1.5433105502857e-26,7.44587982414761e-24,"PNPLA2"
"ENSG00000149403",103.498613615601,2.21392131840362,0.586902419594126,3.77221364998745,0.00016180561232939,0.0021365153695367,"GRIK4"
"ENSG00000167771",99.3673541002242,1.38648773045342,0.202673463833312,6.84099291653558,7.86461458464751e-12,6.57691502332123e-10,"RCOR2"
"ENSG00000130592",21.5626277953374,3.46880242391423,0.760729919295904,4.55983435898616,5.11939852443726e-06,0.000109337800948708,"LSP1"
"ENSG00000149591",17839.4565011009,-1.31196588381752,0.34730112224938,-3.77760335273396,0.000158344800822617,0.00209965875424831,"TAGLN"
"ENSG00000166741",16334.9766495779,-2.16132962317591,0.178789109189651,-12.088709614204,1.21174941790008e-33,1.200014581432e-30,"NNMT"
"ENSG00000099849",89.9829373670417,-1.16530843677889,0.315761365649777,-3.69047186751586,0.000223838444308977,0.00282099408447268,"RASSF7"
"ENSG00000166793",331.678047527726,1.29234379762696,0.239496177281016,5.39609363414004,6.81074134861999e-08,2.3775678889728e-06,"YPEL4"
"ENSG00000109861",9147.15992146463,-1.01756563037079,0.238022842664994,-4.27507553047323,1.91072507337389e-05,0.000350753199810762,"CTSC"
"ENSG00000175538",243.242513306022,1.23567175865608,0.234486237006637,5.26969844554717,1.36648065565411e-07,4.49505245048738e-06,"KCNE3"
"ENSG00000166670",15.96146375076,2.95085603091236,0.826724195080544,3.56933551536479,0.000357887837428133,0.00420619149904643,"MMP10"
"ENSG00000256713",6.92084012992365,2.63570243061924,0.821153810792531,3.20975485466651,0.00132848219544613,0.0122954849923829,"PGA5"
"ENSG00000109906",2578.53785445368,-7.22827024001433,0.630639953472285,-11.4618019366133,2.05200518717496e-30,1.48502036930323e-27,"ZBTB16"
"ENSG00000064309",729.178952902687,1.62737575993528,0.295746496864383,5.50260367304209,3.74223032998483e-08,1.42538068601203e-06,"CDON"
"ENSG00000110203",38.5391624451294,1.42631651370809,0.41951290936259,3.39993473830221,0.000674019382628592,0.00708115505501931,"FOLR3"
"ENSG00000167992",535.126877224945,1.47620057114585,0.29334079024435,5.03237401766114,4.8444295631672e-07,1.39377349633875e-05,"VWCE"
"ENSG00000110756",2200.77282854763,-1.58775283810225,0.169455844639519,-9.3697142254365,7.27291763506953e-21,2.04249579435027e-18,"HPS5"
"ENSG00000182261",49.2267629128201,-1.78430520539866,0.56448036146209,-3.16096949905757,0.00157244963265003,0.0140556827971225,"NLRP10"
"ENSG00000204241",6.83654854886002,2.33147070491443,0.740455681603317,3.14869716424631,0.00164000050378739,0.0145215291667122,"LINC02731"
"ENSG00000064201",32.3554224930736,1.39505262787617,0.387160041645528,3.60329702917389,0.00031420612190102,0.00376327332252679,"TSPAN32"
"ENSG00000238184",13.9517402077752,1.7915825671227,0.601168451175498,2.98016731187326,0.00288090983659447,0.0224274718598931,"CD81-AS1"
"ENSG00000149218",4445.43451816093,-1.98188452485817,0.249859760554669,-7.93198760960366,2.15665958523737e-15,3.05110577111476e-13,"ENDOD1"
"ENSG00000270689",9.17670274661552,-4.16081512447056,1.03573577391857,-4.01725539393956,5.88799011102799e-05,0.000917589274638067,NA
"ENSG00000187479",102.899629678379,-1.08050893298056,0.341579039462027,-3.1632764547916,0.00156004110620781,0.013977968311622,"C11orf96"
"ENSG00000154133",11.8671364641994,1.81468901998826,0.675853088819107,2.68503473611255,0.00725222685239891,0.0462255760348028,"ROBO4"
"ENSG00000054938",201.269831682064,1.3172444807483,0.435961584000005,3.02146915942089,0.00251551264234381,0.0202924320164312,"CHRDL2"
"ENSG00000255197",92.3315284600676,-1.05214460028283,0.304990832484428,-3.44975811801343,0.000561089046346406,0.00606547438532626,"SLC39A13-AS1"
"ENSG00000243742",64.539898719725,1.26849374081974,0.251644826684414,5.04080992855277,4.63565711407715e-07,1.33985444329456e-05,NA
"ENSG00000133816",3997.37128241707,-1.12470595609577,0.271573812611679,-4.1414374430276,3.45136009523976e-05,0.000581385779337791,"MICAL2"
"ENSG00000254510",20.1274352400168,-2.08826334113309,0.529400565777428,-3.94458086395593,7.99396753329172e-05,0.00119661490140348,NA
"ENSG00000182985",259.298718889009,1.47306699584461,0.552530088005289,2.66603942088039,0.00767506926561954,0.0483799341044882,"CADM1"
"ENSG00000174576",6.61588516857071,-2.58405546968346,0.748462543638263,-3.45248468563626,0.000555449005104198,0.00601342260071381,"NPAS4"
"ENSG00000137673",11.9302266960071,-5.61515812472139,1.32911033459842,-4.22474942715571,2.39206783143694e-05,0.000424614606757712,"MMP7"
"ENSG00000067082",7114.83931109915,-1.11586560406648,0.157848588225927,-7.06921497751603,1.55812607981946e-12,1.51122166587026e-10,"KLF6"
"ENSG00000107611",86.1910442053629,1.53657354001736,0.29197297002107,5.26272531291672,1.41935558226638e-07,4.63656156873685e-06,"CUBN"
"ENSG00000077943",1032.27609112182,-1.09495564851231,0.324675291444173,-3.37246374259614,0.000744988945539823,0.0076851491224108,"ITGA8"
"ENSG00000233395",10.0587061995885,5.28790512243008,1.08615799406263,4.86844929682041,1.1247737252196e-06,2.87942073656218e-05,"LINC00841"
"ENSG00000229644",399.25025566184,-1.03454135359627,0.265840316400193,-3.89158938570807,9.95896859732057e-05,0.00143702418042319,"NAMPTP1"
"ENSG00000230417",107.882441625155,1.46831847200014,0.256055609801941,5.73437337747015,9.78735105823342e-09,4.32297646741127e-07,"LINC00595"
"ENSG00000165507",40536.9857193176,-1.62026409189519,0.273657742258359,-5.92076832368772,3.20441008598929e-09,1.60784480474599e-07,"DEPP1"
"ENSG00000148541",205.398972588869,1.29273503666621,0.46252372193721,2.79495942662527,0.00519062291737869,0.0355281050612577,"FAM13C"
"ENSG00000286289",297.367615695547,-2.4528483531451,0.772877113999354,-3.1736589280701,0.00150530465387028,0.013545582193794,"LOC107984270"
"ENSG00000196932",159.158685462651,1.99777986855467,0.263225773251822,7.58960585004509,3.20880054747942e-14,3.84565548416387e-12,"TMEM26"
"ENSG00000068383",2816.27883664995,-1.41712991535968,0.30282761652257,-4.67965878288402,2.87352745261772e-06,6.55373243011575e-05,"INPP5A"
"ENSG00000188916",114.933793763712,-2.38367528016414,0.567762482150328,-4.198367019843,2.68846653295489e-05,0.000468390613741474,"INSYN2A"
"ENSG00000265763",28.0556690337754,3.08849798659859,0.786452748341894,3.9271246659258,8.59674275975563e-05,0.00127266964411929,"ZNF488"
"ENSG00000273312",8.29013537610206,1.7776614164537,0.646475175258945,2.7497752187339,0.00596361585885409,0.0397208481416632,"GJD4-AS1"
"ENSG00000182010",260.148303397789,1.92269879962615,0.252716786876634,7.60811667237894,2.78118726395221e-14,3.3761819070016e-12,"RTKN2"
"ENSG00000229116",14.0634386566203,2.09360556115484,0.473038133526288,4.42587058584039,9.6054100086096e-06,0.000192887294260404,NA
"ENSG00000277288",6.98345725538015,2.74832551176354,0.875095287712704,3.14060142975632,0.0016860131334456,0.0148312403547978,NA
"ENSG00000287901",11.720026751693,3.67244382266541,0.911875526740854,4.02735210560057,5.64085266316746e-05,0.000884485697584658,NA
"ENSG00000148677",12.3897012653728,-4.08371214091617,1.18689678767465,-3.44066323485206,0.000580290290005926,0.00623215873102255,"ANKRD1"
"ENSG00000138311",163.605400661031,1.12114285009412,0.269882378664357,4.15419063535245,3.2644094056543e-05,0.000553860481305602,"ZNF365"
"ENSG00000152463",16.2782957928453,-3.81031664797881,0.62373579664879,-6.10886318927164,1.0034329549218e-09,5.44109351003127e-08,"OLAH"
"ENSG00000268894",8.58226967754858,-6.60374721936182,1.54722388474714,-4.26812647119978,1.97121564742163e-05,0.000359751635517802,"PLCE1-AS1"
"ENSG00000107968",1160.24666691339,-1.16400564490876,0.185460575845027,-6.27629694130476,3.46731701816528e-10,2.05160493754081e-08,"MAP3K8"
"ENSG00000138166",876.074297505813,-1.29398804539042,0.256524542671928,-5.04430504743289,4.55172644320814e-07,1.31761976546776e-05,"DUSP5"
"ENSG00000078114",16.9343094538446,-3.39146348559541,1.11764883520244,-3.03446250626756,0.00240964705032537,0.0197130082169227,"NEBL"
"ENSG00000185745",537.514892082237,1.5747027580343,0.348548430574206,4.51788796018992,6.24595168740915e-06,0.000130727282480857,"IFIT1"
"ENSG00000152779",101.664576029892,-3.9979289736611,0.627887935193178,-6.36726515923752,1.92428350301312e-10,1.20691061308983e-08,"SLC16A12"
"ENSG00000165730",6.52957236088848,-2.75303353299755,0.899682957422311,-3.06000409398139,0.00221333965939058,0.018427521695174,"STOX1"
"ENSG00000138135",85.0995500375907,1.68104404849835,0.364724637820365,4.60907729882045,4.04459948720082e-06,8.89055887280032e-05,"CH25H"
"ENSG00000227268",42.5968411407893,1.66228865269216,0.329112202839687,5.05082655200687,4.39902379788641e-07,1.27932042938224e-05,"KLLN"
"ENSG00000273162",21.1162768438423,1.53426620704617,0.477867625488494,3.21065107827254,0.00132434632688302,0.012275320436764,"KAZALD1-DT"
"ENSG00000107821",1035.69400209217,1.06994849092695,0.321648395839545,3.32645368286151,0.000879586365705129,0.00878465873519517,"KAZALD1"
"ENSG00000177283",278.628111956676,-2.5268525223725,0.278808123424382,-9.06305200629432,1.26850518767087e-19,3.09976540405392e-17,"FZD8"
"ENSG00000065809",4969.2021956487,1.00479999073574,0.183211764112065,5.48436393047957,4.14959735198158e-08,1.54611532227496e-06,"FAM107B"
"ENSG00000180525",66.4596335348113,-1.63170675717184,0.533179002599922,-3.06033573943312,0.00221088998476969,0.018423430448816,"DIP2C-AS1"
"ENSG00000148848",2974.99961664581,1.83148317331434,0.278588270924902,6.57415750933769,4.89294150263331e-11,3.46111230502062e-09,"ADAM12"
"ENSG00000138316",1683.92509728858,2.41191178342936,0.310115022058899,7.7774748459985,7.39864747445934e-15,9.73517139016971e-13,"ADAMTS14"
"ENSG00000204179",8.61133232659477,2.48803026481233,0.849047842934248,2.93037699290758,0.00338550999858098,0.0255011033359887,"PTPN20"
"ENSG00000150594",93.4525276915212,2.29264777716907,0.545367626173461,4.20385748463893,2.6240419127821e-05,0.000459720415557802,"ADRA2A"
"ENSG00000122877",34.2081085324256,3.03259381017476,0.407247432611896,7.4465633600809,9.58030364317462e-14,1.07299400803556e-11,"EGR2"
"ENSG00000225383",16.9811983857567,-1.69770458118164,0.519701883738848,-3.26668929688687,0.00108813032672682,0.0103962809301828,"SFTA1P"
"ENSG00000187134",16084.83993794,-1.07250979880041,0.289964956719689,-3.69875660470658,0.000216658239868653,0.00274437705723108,"AKR1C1"
"ENSG00000095585",59.57087923988,2.6330719667323,0.606127527022223,4.34408907258844,1.39854765507706e-05,0.000266616744457244,"BLNK"
"ENSG00000169129",21.6838942022061,1.88375450054839,0.606860349590166,3.10409882903135,0.00190859565678091,0.0163758029539396,"AFAP1L2"
"ENSG00000107731",1221.78436941475,1.01663975056863,0.247088498568465,4.11447621584432,3.88059566217114e-05,0.000641628189625766,"UNC5B"
"ENSG00000237949",7.49015291828442,-3.00419033074508,0.791109791121332,-3.7974379339774,0.000146199366783095,0.0019649194895648,"LOC102724768"
"ENSG00000231298",11.4319035817293,-1.85855958865968,0.635921184285915,-2.92262568787779,0.00347093501889277,0.0260092048249647,"MANCR"
"ENSG00000287564",48.4787564215249,-1.25702614127425,0.431723363573146,-2.91164724297176,0.0035952841094078,0.0267225274918311,NA
"ENSG00000233117",196.159850458566,-3.30425445176804,0.375915259604531,-8.78989178370725,1.49704096738665e-18,3.1298136491497e-16,NA
"ENSG00000165995",1179.82498473023,-3.29455500957447,0.304780888187209,-10.8095853029696,3.1006857703269e-27,1.62062509595752e-24,"CACNB2"
"ENSG00000240291",28.0110798992301,-1.05538149374805,0.352587151391161,-2.99325000807306,0.00276023537058302,0.0217489902566541,NA
"ENSG00000287609",7.1362970584681,2.52143985476564,0.833202971428769,3.02620122734548,0.0024764743044427,0.0201264920768219,NA
"ENSG00000290782",24.1370106136403,1.08558983991127,0.35751554787531,3.03648287847299,0.0023935570200139,0.0196211568283734,"CFL1P1"
"ENSG00000099204",1864.21296696271,-1.42061579831677,0.242694605042307,-5.85351206331564,4.81299326524158e-09,2.2811405863674e-07,"ABLIM1"
"ENSG00000165644",170.208949067093,-1.02883224049554,0.243644066495754,-4.22268539223168,2.41408682646311e-05,0.000428119299969179,"COMTD1"
"ENSG00000095637",97.5042324277024,-1.8496029915014,0.335615032348455,-5.51108506242662,3.56628310035454e-08,1.36945271053614e-06,"SORBS1"
"ENSG00000132334",175.463114618606,-1.37556132138577,0.481630254964177,-2.85605255734626,0.00428944122755901,0.030595195654947,"PTPRE"
"ENSG00000099194",2904.75574781412,1.98804073374763,0.406785047864034,4.8872020842126,1.0227909601024e-06,2.63627872675162e-05,"SCD"
"ENSG00000107796",6681.44069772101,-1.15494875148131,0.288531128100084,-4.00285667299194,6.25822182519383e-05,0.000963622764835082,"ACTA2"
"ENSG00000174721",24.4976601220675,1.02143064563599,0.375907967419463,2.71723595710916,0.00658296579055797,0.0428302504547506,"FGFBP3"
"ENSG00000066468",63.7868224704476,2.41634647533147,0.637536880644231,3.79012814582546,0.000150569585944878,0.00201358729860613,"FGFR2"
"ENSG00000107562",61560.9005948776,1.91379225000223,0.282051679490855,6.78525387069811,1.15882554005138e-11,9.35813792343637e-10,"CXCL12"
"ENSG00000188613",100.759273703627,-1.25635221785764,0.35536779303515,-3.53535757173518,0.0004072237060835,0.00465613904609047,"NANOS1"
"ENSG00000134294",45446.2918847278,-1.24361043040608,0.181074597943918,-6.86794528071381,6.51331932480097e-12,5.57066438252069e-10,"SLC38A2"
"ENSG00000111110",38.5152809854274,1.23187806855174,0.41875346779992,2.9417740109088,0.00326337985397238,0.024705254295627,"PPM1H"
"ENSG00000067798",1571.24246068938,-2.22682439781092,0.37890961401174,-5.87692767737988,4.17950694404655e-09,2.04032584826128e-07,"NAV3"
"ENSG00000139354",279.841943475165,1.12141416986649,0.23603207130808,4.75110930328939,2.02303733601795e-06,4.78810949868098e-05,"GAS2L3"
"ENSG00000182379",46.9356566106712,1.13437940905482,0.290231350492166,3.90853506049973,9.28574730877369e-05,0.00135547417658562,"NXPH4"
"ENSG00000165891",85.4483543798435,1.48067509879218,0.322825789724975,4.58660722259399,4.50507082485031e-06,9.79970088328133e-05,"E2F7"
"ENSG00000188596",56.6363883887086,1.07806852042208,0.335961913775381,3.20890099805437,0.00133243363255839,0.0123259937218381,"CFAP54"
"ENSG00000127324",58.2056987186863,-4.41479458679245,0.791832210121052,-5.5754167743663,2.46937943570728e-08,9.84403463183649e-07,"TSPAN8"
"ENSG00000139292",12.0365418997985,-3.35879771400554,0.919583280944271,-3.65252151013073,0.000259677836315243,0.00320189919273107,"LGR5"
"ENSG00000135678",1852.62774950807,-1.46557472991202,0.302934969937014,-4.83791861407333,1.31205841526786e-06,3.30491179942169e-05,"CPM"
"ENSG00000089041",215.16733715728,1.92172872470465,0.2833118068927,6.78308731916871,1.17634487091856e-11,9.41876812391642e-10,"P2RX7"
"ENSG00000167550",35.1501712410054,-1.15359366090607,0.355276222890151,-3.24703311559005,0.00116614820272764,0.0109931085082782,"RHEBL1"
"ENSG00000087448",2031.18370324761,-1.06848363455238,0.132029848206582,-8.09274303550332,5.83358488155792e-16,8.99710927306506e-14,"KLHL42"
"ENSG00000197301",474.359583382457,-2.36124681654302,0.313197386048036,-7.53916514546156,4.72989673778165e-14,5.49368747025306e-12,"HMGA2-AS1"
"ENSG00000183160",6488.19291213138,1.17467498128219,0.117204393143683,10.0224483893034,1.21456216305816e-23,4.31192484152873e-21,"TMEM119"
"ENSG00000123358",393.965241835182,-1.27574951466724,0.250565218235606,-5.09148685380449,3.55266508587352e-07,1.06955114009274e-05,"NR4A1"
"ENSG00000025423",371.580536091755,2.16878577711607,0.496833832230265,4.36521355113941,1.26998626399292e-05,0.000244789456506623,"HSD17B6"
"ENSG00000123405",27.6997791649127,2.59475556556827,0.446306037939055,5.81384822295995,6.10527740526438e-09,2.82252824711191e-07,"NFE2"
"ENSG00000120837",4028.96585070102,-1.03378244956601,0.325146916241289,-3.17943181352164,0.00147564082748637,0.0133488739471075,"NFYB"
"ENSG00000185306",8.72975597340146,1.80306659225641,0.658106929530824,2.7397775518666,0.0061480779892946,0.0406758915072317,"C12orf56"
"ENSG00000139220",85.9292728476725,-1.24782698930945,0.396187889488981,-3.14958387778825,0.00163503165635883,0.0145048352880942,"PPFIA2"
"ENSG00000177575",23.6319282022691,-3.96326809004678,0.642219644068977,-6.17120346076039,6.77721428953833e-10,3.8409657852998e-08,"CD163"
"ENSG00000165899",63.974177838582,-1.8679141776157,0.479372596724854,-3.896581052771,9.75601671773698e-05,0.00141207085046876,"OTOGL"
"ENSG00000196850",1078.51653564804,-1.16835821981225,0.18124881297724,-6.44615653267183,1.1472217752147e-10,7.57407892015428e-09,"PPTC7"
"ENSG00000167552",9820.27418192452,1.2593057051645,0.23003510761347,5.47440657310675,4.38980160945175e-08,1.6291618754131e-06,"TUBA1A"
"ENSG00000111728",427.496506710108,1.48340110490752,0.283201082383964,5.23797823235832,1.62345204579592e-07,5.18423967998004e-06,"ST8SIA1"
"ENSG00000074590",897.096117286046,-1.38834719921246,0.186261714907123,-7.45374431833587,9.07277468151702e-14,1.02223549944565e-11,"NUAK1"
"ENSG00000174437",23401.8117821958,-1.38792793546734,0.209432566054317,-6.62708747553321,3.42374763614766e-11,2.48730639080133e-09,"ATP2A2"
"ENSG00000175197",991.887131384499,1.04420951033602,0.166730367610734,6.26286336016451,3.77971801078526e-10,2.20867000282408e-08,"DDIT3"
"ENSG00000139132",2663.55047936661,-2.23850218874165,0.209171271514592,-10.701766894339,9.98557277997519e-27,4.94443519547403e-24,"FGD4"
"ENSG00000069431",1864.84260767155,-1.03725064420741,0.302809172433219,-3.42542676588229,0.000613834393468773,0.00653645045133471,"ABCC9"
"ENSG00000139055",38.8246135472258,-2.12904709199552,0.676076390844594,-3.14912208269216,0.00163761767091012,0.0145116175224194,"ERP27"
"ENSG00000111348",55.7757363230949,-1.09309977178669,0.397469818369511,-2.75014534756569,0.00595688354400386,0.0397041164590778,"ARHGDIB"
"ENSG00000122971",1136.15077036253,-1.0097525637612,0.265490898792369,-3.80334153959415,0.00014275732217389,0.00193107244717751,"ACADS"
"ENSG00000048540",132.118786635203,-1.48053424831848,0.385780916547495,-3.83775916540496,0.000124162164644693,0.00172670753137808,"LMO3"
"ENSG00000257322",9.83166222151918,-2.86244125920313,1.02172342081178,-2.80158132905366,0.00508528214392005,0.0349596890098647,NA
"ENSG00000139269",26.5581372801159,2.64765185293526,0.503699879696831,5.25640755469078,1.46896563747251e-07,4.77375776073967e-06,"INHBE"
"ENSG00000185432",5883.34787263917,-2.33021159575194,0.267246901583324,-8.71932127911093,2.79874375466724e-18,5.48553775914779e-16,"TMT1A"
"ENSG00000198431",50323.4122465231,-1.55269894366299,0.205212372119058,-7.56630278978584,3.83996417645772e-14,4.57295986988787e-12,"TXNRD1"
"ENSG00000251301",16.851945814818,-2.02326061107287,0.649230169637687,-3.11639955395478,0.00183074037129475,0.0158305196811958,NA
"ENSG00000255857",29.8337737431369,1.08958595971176,0.341374204389255,3.19176418634535,0.00141406728154668,0.0129160630920303,"PXN-AS1"
"ENSG00000110900",535.061023035824,1.45205776119192,0.302647011741633,4.79785923817918,1.60370412544904e-06,3.8885691784084e-05,"TSPAN11"
"ENSG00000139289",4721.29161772706,1.04161453194828,0.103297826283986,10.0836055260706,6.52855583830345e-24,2.4086530716376e-21,"PHLDA1"
"ENSG00000135472",338.799059827714,1.63362199932124,0.365947718467226,4.46408576111275,8.04113539959878e-06,0.000164637653622253,"FAIM2"
"ENSG00000122966",649.046741694389,1.57844655863508,0.217336468147352,7.26268615704616,3.79477720113843e-13,4.05696180776254e-11,"CIT"
"ENSG00000057294",31.3346010026777,-2.22852536926872,0.803345448887323,-2.77405613283221,0.00553621247871695,0.0374440596691366,"PKP2"
"ENSG00000132970",1535.3817893233,-1.09497169527619,0.120677654931918,-9.07352480369241,1.15227756939405e-19,2.89083396609579e-17,"WASF3"
"ENSG00000102554",328.8617323338,-2.61717762571217,0.398661800688143,-6.56490694918493,5.20653646823053e-11,3.66914569985864e-09,"KLF5"
"ENSG00000150907",1047.16149086345,-2.33885655411173,0.270440252100665,-8.64833003202923,5.22585134374855e-18,9.73560583009632e-16,"FOXO1"
"ENSG00000184564",95.1454706583171,3.02645086717144,0.681683130619968,4.43967399401388,9.00952500604654e-06,0.000182675886329495,"SLITRK6"
"ENSG00000041515",21.1656029387403,-1.80502611767583,0.420213766258194,-4.29549496616624,1.74303992650048e-05,0.000324081415583331,"MYO16"
"ENSG00000187498",5019.79368131165,-1.34532496525289,0.247847979649009,-5.42802473983478,5.69811428957582e-08,2.03060072864884e-06,"COL4A1"
"ENSG00000185950",4708.23037456062,-2.16187770929625,0.215406233191692,-10.0362820391199,1.0557883770465e-23,3.8203296350975e-21,"IRS2"
"ENSG00000285572",6.40119619211313,2.46458459300547,0.88740944567469,2.77728009885185,0.00548159180940296,0.037154766385348,"LOC124903183"
"ENSG00000179813",6.37144380115499,3.53103079695163,0.997743023680698,3.5390182773973,0.000401618044523475,0.00460783239375226,"FAM216B"
"ENSG00000122035",2102.53995318343,-2.38780812145301,0.401028806695607,-5.95420598616856,2.61337482693189e-09,1.32542481788546e-07,"RASL11A"
"ENSG00000132965",27.9858625420185,-1.89505225841195,0.53747620231879,-3.52583472577256,0.000422150329335081,0.00479371188700596,"ALOX5AP"
"ENSG00000102760",2491.61953312286,-3.20244528268774,0.684297769458744,-4.67990022124545,2.87014564592401e-06,6.55373243011575e-05,"RGCC"
"ENSG00000102524",141.843744566819,1.76087054537655,0.252838380502219,6.96441158133857,3.29779179488257e-12,3.04172796139757e-10,"TNFSF13B"
"ENSG00000178695",5781.32897009061,2.50021242221806,0.182396218341939,13.707589142725,9.14461282734123e-43,1.72065034959253e-39,"KCTD12"
"ENSG00000278727",43.1870590271505,1.75247217461405,0.362810194339641,4.83027269342241,1.36346187875055e-06,3.40250646028784e-05,NA
"ENSG00000198542",4585.47934002071,-1.00866595262547,0.380143109132357,-2.65338481322904,0.00796889638701307,0.0497487572720763,"ITGBL1"
"ENSG00000178734",28.7049681501097,1.62915707230211,0.420223658180468,3.87688089565499,0.000105804118875954,0.00151368798090175,"LMO7DN"
"ENSG00000223458",14.0886526918688,2.25925843168597,0.59869532665786,3.77363632400138,0.000160885241143207,0.00212827180103527,NA
"ENSG00000102804",10739.9224868244,-1.19300034579276,0.164281750325764,-7.26191645406193,3.81643911146783e-13,4.05706883171630e-11,"TSC22D1"
"ENSG00000185352",7.98010599229831,-3.64820689705622,1.02518320884682,-3.55859017741806,0.00037285077953255,0.00434131204683445,"HS6ST3"
"ENSG00000126785",1485.38952818078,1.16251471563487,0.308612589635526,3.76690632422937,0.000165282982347775,0.00217784635564127,"RHOJ"
"ENSG00000140015",37.7115174045885,2.31683994059067,0.838730837293773,2.76231639230784,0.00573928320177118,0.0385267045039338,"KCNH5"
"ENSG00000182732",12.0757162773217,2.45158686152321,0.656975072448159,3.7316284351362,0.00019024597218184,0.00246194512556637,"RGS6"
"ENSG00000259036",12.1693936397296,2.40057102501348,0.782102333829945,3.06938225495111,0.00214501940734013,0.0180185278942488,NA
"ENSG00000100784",230.810780220445,2.23193676814323,0.250140891630793,8.92271852711535,4.54979998686835e-19,1.03143417533632e-16,"RPS6KA5"
"ENSG00000100739",292.756539112218,1.83725959891878,0.328199473384056,5.59799679132585,2.16842764939747e-08,8.71819116475702e-07,"BDKRB1"
"ENSG00000258793",19.5502058743329,1.2335400453939,0.463176468932009,2.66321829396515,0.00773971867023493,0.0486407970939013,NA
"ENSG00000119714",127.150995867262,3.15459293751873,0.401160395760648,7.86366992069904,3.73039734836723e-15,5.123442080794e-13,"GPR68"
"ENSG00000258412",10.4324574153039,2.26019259102114,0.753927366981909,2.99789169355803,0.00271854266137216,0.0214924784522599,NA
"ENSG00000258457",18.2847341830851,2.00720840640511,0.578465341645289,3.46988533607933,0.000520680596057609,0.00568938797643436,NA
"ENSG00000283654",25.6354472222993,1.97547504391846,0.47869032430121,4.12683303511984,3.67793224035644e-05,0.000614054774042118,"CIROP"
"ENSG00000119630",1534.99101793403,1.19287120065583,0.426295369064918,2.79822697411047,0.00513839903560148,0.0352554962285545,"PGF"
"ENSG00000119703",75.1794449461724,1.02081153743684,0.294325590327739,3.46830710948423,0.000523748371166371,0.00571295614600953,"ZC2HC1C"
"ENSG00000273259",20.9581909616604,-4.02568207827368,0.884212819390946,-4.55284292422564,5.29257901275267e-06,0.000112525612094863,NA
"ENSG00000196136",50.045223336409,-1.88084415783473,0.553820651201096,-3.39612499778703,0.000683471397124375,0.00716445560350542,"SERPINA3"
"ENSG00000020577",6821.90904725244,-1.21279616898062,0.152201227499011,-7.96837311307822,1.60776828372218e-15,2.32705907896281e-13,"SAMD4A"
"ENSG00000131979",184.594488859134,-1.64428840473067,0.25058880740325,-6.56169931039522,5.31980074369063e-11,3.72109185105141e-09,"GCH1"
"ENSG00000205978",3533.36410382378,1.14458211004249,0.171959102906146,6.65612980469658,2.81131989116049e-11,2.06632012000296e-09,"NYNRIN"
"ENSG00000021645",77.4348432007425,-1.74764506402189,0.591689352306108,-2.95365305664273,0.00314036838668247,0.0240689089872983,"NRXN3"
"ENSG00000129467",228.422561666664,1.64756263765412,0.297301793400964,5.54171779055531,2.99518745335438e-08,1.17411348171492e-06,"ADCY4"
"ENSG00000227051",10202.0597913086,1.13276973584296,0.13286193010223,8.52591660358506,1.51604465000173e-17,2.76950447907112e-15,"C14orf132"
"ENSG00000168398",11083.6453006174,1.96966859489639,0.317607177912922,6.20158715504979,5.58965507375544e-10,3.23615230362408e-08,"BDKRB2"
"ENSG00000205683",379.081440623633,1.08938820796796,0.311606525257187,3.49603785437042,0.00047222170369026,0.00526070075585312,"DPF3"
"ENSG00000126803",1002.59168871473,-2.54699494213216,0.649587156725624,-3.92094411929386,8.82027167730548e-05,0.00129860901314695,"HSPA2"
"ENSG00000184916",61.9936449650008,1.03974771498251,0.343731330444426,3.02488491124209,0.00248727754442106,0.0201466268944583,"JAG2"
"ENSG00000183092",9.57078169637987,3.40543975722297,0.907933966020243,3.75075708660848,0.000176301436675278,0.00230848144222828,"BEGAIN"
"ENSG00000211448",1472.7543959476,-1.57060869540027,0.33418507456504,-4.69981700243347,2.60394723569594e-06,6.01914879445391e-05,"DIO2"
"ENSG00000186469",730.417411542998,1.03057878909389,0.32380211918024,3.18274257037902,0.00145887258027768,0.0132353647398769,"GNG2"
"ENSG00000119711",1170.81643876659,-1.20818188944597,0.194984193398599,-6.19630683076,5.78033927465906e-10,3.33628416539831e-08,"ALDH6A1"
"ENSG00000100626",1137.78777627434,1.0302840571594,0.126339254468246,8.15490056115814,3.49467290752037e-16,5.52569457377338e-14,"GALNT16"
"ENSG00000280073",19.741182944276,2.04385898816447,0.685758678020466,2.98043474136461,0.00287839560428032,0.0224171737128056,NA
"ENSG00000100767",465.90058380584,-1.10888389650283,0.31034948556333,-3.57301670563444,0.00035289223855601,0.00416041375981822,"PAPLN"
"ENSG00000140105",5739.33205784766,1.33009849067662,0.225372469555725,5.90177892312504,3.59602831047664e-09,1.79002298121504e-07,"WARS1"
"ENSG00000171877",199.968261437355,1.27539333155623,0.227401165616353,5.60856109993711,2.0401567443111e-08,8.27318734934433e-07,"FRMD5"
"ENSG00000137880",29.0359417247619,-1.38289483348214,0.389094266104531,-3.55413830002476,0.000379219739202473,0.00440184985369138,"GCHFR"
"ENSG00000259673",327.383039331901,-1.00290055198599,0.330599933601879,-3.03357759652098,0.00241672550584868,0.0197451615796999,"IQCH-AS1"
"ENSG00000270964",22.5782194927062,1.02775058109122,0.376846499110659,2.72723929641555,0.00638667036960242,0.0417825171474426,"MAP2K5-DT"
"ENSG00000285805",7.84573499983608,4.37049719226622,1.06520780423878,4.10295265850918,4.07910739858233e-05,0.000669742450364094,NA
"ENSG00000103742",805.535029392955,2.1037321658291,0.639013106488134,3.29215808638216,0.000994217081530157,0.00967279659052298,"IGDCC4"
"ENSG00000140600",23.4342485206309,2.69016853649726,0.757232008044755,3.55263447386955,0.000381394025007213,0.00442163276311505,"SH3GL3"
"ENSG00000128923",3016.86551399278,-1.0563296834727,0.122010996318413,-8.65765968106663,4.81548690726932e-18,9.06082016471796e-16,"MINDY2"
"ENSG00000137872",636.957548878651,1.3387990352352,0.242106152203339,5.52980179582872,3.20592807973568e-08,1.24891806932312e-06,"SEMA6D"
"ENSG00000137767",2113.67913296617,-1.03344019385147,0.164943628351749,-6.26541445812999,3.71835080091236e-10,2.17957908629181e-08,"SQOR"
"ENSG00000136383",151.260767955849,-3.05891375725803,0.493912392326653,-6.19323144100217,5.89430794926968e-10,3.38088713200735e-08,"ALPK3"
"ENSG00000166825",9146.4071542264,-1.0924563286415,0.189632872052273,-5.76090166656527,8.36657747612758e-09,3.74822670930516e-07,"ANPEP"
"ENSG00000186198",86.5430648866353,1.57031360720307,0.424310451824725,3.70086006708065,0.000214869949359031,0.0027262258713011,"SLC51B"
"ENSG00000277351",24.2935476748776,1.67153254096845,0.459178116170994,3.64027047914885,0.000272351790565503,0.00333848292591564,NA
"ENSG00000103710",2298.61915603214,1.0236822897533,0.268057489818218,3.81889082990186,0.000134053068086756,0.00183043724899884,"RASL12"
"ENSG00000138615",1870.88652586783,-1.37648280685597,0.32502088994586,-4.23505949751493,2.28491199726354e-05,0.000409066642630931,"CILP"
"ENSG00000259426",130.472847182065,-1.4775577071273,0.299597194602917,-4.93181422838636,8.14693796750517e-07,2.16515232763527e-05,"KIF23-AS1"
"ENSG00000259448",21.1417445802666,-1.74576635987371,0.412746079854538,-4.2296376515289,2.340680204543e-05,0.00041825487871492,"LINC02352"
"ENSG00000140511",318.625347284868,-1.3023656356224,0.375634759796069,-3.46710628252149,0.000526093827963314,0.00573189430628704,"HAPLN3"
"ENSG00000173517",17748.9217486687,-1.00638674676225,0.145007400958039,-6.94024401591385,3.91423239770439e-12,3.50715222834314e-10,"PEAK1"
"ENSG00000229474",42.2162652670707,1.08778059535972,0.312183674765475,3.48442498210999,0.000493195696666494,0.00544703640386766,"PATL2"
"ENSG00000206190",688.74367753685,-1.28502785352318,0.314290443850584,-4.08866345975855,4.33865767064696e-05,0.000708647419539003,"ATP10A"
"ENSG00000259583",209.635978373696,1.08902271189055,0.253064195876516,4.30334567131712,1.68238051311163e-05,0.000314044362447504,"ALDH1A3-AS1"
"ENSG00000188501",16.8424961338883,2.68177748831826,0.538872276473332,4.97664772414948,6.46949066384505e-07,1.769330469926e-05,"LCTL"
"ENSG00000140545",20958.9963491612,-1.12692633965724,0.166182873612279,-6.78124234562505,1.19146816309125e-11,9.49943430369703e-10,"MFGE8"
"ENSG00000183496",417.992606765766,1.64066812731347,0.372495875234426,4.40452696632125,1.06014953506527e-05,0.000209096159871992,"MEX3B"
"ENSG00000128917",147.219998524152,-3.67541174554527,1.31071901680239,-2.80411873058174,0.00504543215378486,0.0347477974232849,"DLL4"
"ENSG00000258773",6.35761410554092,-3.28697442717297,1.09566226472843,-2.99998871275145,0.00269989611170318,0.0213899979948661,NA
"ENSG00000035664",1441.61612595265,-1.53783021137069,0.447461089498283,-3.43679092431252,0.000588649802347949,0.0063075368342705,"DAPK2"
"ENSG00000259343",160.292693327622,1.0626157309371,0.269832696180588,3.93805400894019,8.21451072331704e-05,0.00122281830514188,"LOC105370921"
"ENSG00000175779",9.35922267258229,-2.34173588112285,0.84079267101783,-2.78515258498631,0.00535025395280748,0.036401288758323,"LINC02694"
"ENSG00000137869",136.547170632416,-1.17010136889017,0.332626040969863,-3.51776837880286,0.000435192036503362,0.00490333734062711,"CYP19A1"
"ENSG00000103647",1201.20457953526,1.27119653090117,0.267209580425402,4.75730147428623,1.96198050845315e-06,4.66119005644628e-05,"CORO2B"
"ENSG00000137801",194462.615484173,-1.96663540853666,0.293785577385246,-6.69411829552741,2.16975847565597e-11,1.62654085569493e-09,"THBS1"
"ENSG00000276107",383.401154131173,-1.43084929959555,0.40355599292177,-3.54560290193219,0.000391716012938197,0.00451207529481598,NA
"ENSG00000103485",1867.97557774772,1.20207258447525,0.141766087212294,8.47926756047907,2.26615995540656e-17,4.10000631932017e-15,"QPRT"
"ENSG00000103175",545.800888095188,-1.74560991509655,0.3486827850017,-5.00629795958536,5.54868443542408e-07,1.55826934831253e-05,"WFDC1"
"ENSG00000103257",880.976864019301,1.18627219420862,0.300076630177439,3.95323085808835,7.71029812564221e-05,0.00115783694758247,"SLC7A5"
"ENSG00000154102",108.8971675135,1.03398040852279,0.185255292017255,5.58138122405963,2.38615981606782e-08,9.55276236151747e-07,"CLMB"
"ENSG00000125148",6731.15833900491,-2.21168687118391,0.121504281718632,-18.2025426585832,4.92669779029496e-74,4.6350372811095e-70,"MT2A"
"ENSG00000169715",1154.75037759207,-2.16749498776967,0.23107231517583,-9.38015870105582,6.58735021231192e-21,1.8779936605282e-18,"MT1E"
"ENSG00000205364",81.850754001189,-2.54924620012641,0.40536518784479,-6.28876449327092,3.20002492535012e-10,1.91581222158702e-08,"MT1M"
"ENSG00000187193",126.528545866668,-3.04961505101954,0.239786434947809,-12.7180465887627,4.69449680069013e-37,5.8887767867857e-34,"MT1X"
"ENSG00000103064",1376.44291707529,-1.50575894170682,0.173860179978605,-8.66074647968335,4.68684852795663e-18,8.98540322468675e-16,"SLC7A6"
"ENSG00000279649",115.27824947569,-1.16116314773261,0.244360586925029,-4.75184301341061,2.01570850818836e-06,4.77677220277988e-05,NA
"ENSG00000166816",19.1092660043117,-1.25305360388334,0.419215160140244,-2.98904649217397,0.00279849545398765,0.0219585031118564,"LDHD"
"ENSG00000140807",584.86655198601,-2.43953576381914,0.34665387852996,-7.0373819966024,1.95885301206915e-12,1.86150395328753e-10,"NKD1"
"ENSG00000261114",11.2510770850171,-1.29660816426674,0.473358313962309,-2.73916846080785,0.00615948034927705,0.0407226922881226,NA
"ENSG00000168676",7.71344162906331,2.20182032670525,0.765991447799162,2.87447116156649,0.00404704727044779,0.0292431802767841,"KCTD19"
"ENSG00000159708",9.03491635927702,1.76898724511839,0.631614692709943,2.80073795865728,0.00509859017129836,0.0350311312749315,"LRRC36"
"ENSG00000159713",29.5771717147788,1.72695219212212,0.357437892213803,4.83147486525893,1.35525330161955e-06,3.38651342938559e-05,"TPPP3"
"ENSG00000176387",39.4695920689318,1.91055274464466,0.7176542100459,2.66221909925459,0.00776273313997338,0.0487528660753468,"HSD11B2"
"ENSG00000102935",78.2514719344039,1.21067727560653,0.294325251329485,4.11339927558994,3.89875194961884e-05,0.000643535503573289,"ZNF423"
"ENSG00000258947",53.6524583926295,1.00634747804514,0.299421465508142,3.36097305628134,0.000776684017594496,0.00792091407862224,"TUBB3"
"ENSG00000183454",16.9263320453273,4.02641826883798,0.844656446754646,4.76693013391227,1.87054137828911e-06,4.46651098653399e-05,"GRIN2A"
"ENSG00000196155",528.669606425,1.37058220580385,0.210427525435351,6.51332188110026,7.35067584750838e-11,5.08493811568815e-09,"PLEKHG4"
"ENSG00000183044",1101.51339838256,-1.15915798360811,0.0817724448359895,-14.1754106280303,1.30080027457634e-45,2.7195397740476e-42,"ABAT"
"ENSG00000091262",165.131896989181,1.22244155720989,0.332453845002256,3.6770263770046,0.000235968648809126,0.00295408256553061,"ABCC6"
"ENSG00000102984",96.4938098281268,1.28951985192034,0.188359079709788,6.84607216125258,7.59052012256108e-12,6.37603690295131e-10,"ZNF821"
"ENSG00000172828",14.5589710470221,1.48887093770623,0.521463613038345,2.85517704491635,0.00430128438510768,0.0306680435733938,"CES3"
"ENSG00000185338",495.219182415275,1.17842845717041,0.302620064011815,3.89408567808775,9.85698088429986e-05,0.00142449272134398,"SOCS1"
"ENSG00000103196",6488.35529036694,-2.70036870274464,0.261880468898131,-10.3114551234253,6.25470293320246e-25,2.5584454432856e-22,"CRISPLD2"
"ENSG00000157368",110.741932440402,2.01327707626858,0.417594201226115,4.82113274168394,1.42745326775101e-06,3.52479799028911e-05,"IL34"
"ENSG00000127561",87.7745127419613,-1.23556486069849,0.450474521339135,-2.74280742232768,0.00609163991342398,0.0404342803534106,"SYNGR3"
"ENSG00000167191",5076.03575258339,-1.8860189730665,0.345628907668015,-5.45677439364552,4.84861763618358e-08,1.77839355638266e-06,"GPRC5B"
"ENSG00000197943",6.50977709730553,-3.28249843966923,0.917354948464565,-3.57822067146785,0.000345941320699178,0.00409643290766251,"PLCG2"
"ENSG00000102996",360.708877872467,-1.25961076943959,0.283860325559152,-4.43743156764999,9.10386509371855e-06,0.000184390016795918,"MMP15"
"ENSG00000205037",7.2950210921066,2.29441419292697,0.761029102244776,3.01488364394901,0.00257077858182933,0.0206188277049022,NA
"ENSG00000262097",23.3080766761672,2.06679587485614,0.450261098833038,4.59021638825282,4.42786728819921e-06,9.66528432653787e-05,NA
"ENSG00000166473",306.4286123128,1.30765786921059,0.423196570143722,3.08995384524618,0.00200187601303513,0.0170671948623784,"PKD1L2"
"ENSG00000166592",230.735010767666,1.51986323747725,0.29972008841852,5.0709421764048,3.95851042928333e-07,1.16745034854851e-05,"RRAD"
"ENSG00000131771",206.613591074764,3.1450052749297,0.887035353539979,3.54552415794773,0.000391833069288335,0.00451207529481598,"PPP1R1B"
"ENSG00000166260",1715.2894271548,-1.03961657923204,0.21409736577998,-4.85581209953055,1.19894352219599e-06,3.03733591366131e-05,"COX11"
"ENSG00000173838",96.5877153565134,-3.79878439238409,0.360933736585147,-10.5248803515155,6.63456822751627e-26,2.97228656592729e-23,"MARCHF10"
"ENSG00000141298",4582.79725606277,-1.23211231388444,0.190902730175681,-6.4541366839048,1.08837547021714e-10,7.23635082954266e-09,"SSH2"
"ENSG00000166292",80.0087970114677,-1.32626608219604,0.414108346867899,-3.20270309021112,0.00136144266347855,0.0125341820707402,"TMEM100"
"ENSG00000108602",17.6025309352985,2.44521929885368,0.723555259589322,3.37945065901608,0.000726308432805279,0.00752130956062968,"ALDH3A1"
"ENSG00000083290",3330.93893227864,-1.17933341251993,0.216758984792014,-5.44075907004053,5.3054024950866e-08,1.91973948745288e-06,"ULK2"
"ENSG00000167711",20.6985602906,-1.43403435731933,0.539429370535463,-2.65842839794918,0.00785060304637132,0.0492225747819136,"SERPINF2"
"ENSG00000226549",31.0902444562893,1.93962781425336,0.489525156008292,3.96226381922752,7.42424366837426e-05,0.00112265270249222,NA
"ENSG00000125398",1245.67081315267,1.22803882519429,0.344332755678418,3.56643045119178,0.000361876791425269,0.00424241352489586,"SOX9"
"ENSG00000182575",625.087406387723,-1.21306733194349,0.421340698819963,-2.87906517300819,0.00398855899145086,0.0289205109761616,"NXPH3"
"ENSG00000132518",9.03903630459584,-5.17400282536334,1.19557025138376,-4.3276443348895,1.50712580180315e-05,0.000284719669545462,"GUCY2D"
"ENSG00000179593",145.052875513038,-10.6834410643535,1.08338109165734,-9.86120317829256,6.13102484187563e-23,2.09747933499513e-20,"ALOX15B"
"ENSG00000179094",1686.95413874282,-3.19935567663091,0.21128068337003,-15.1426795180687,8.46915080964981e-52,3.18711083268742e-48,"PER1"
"ENSG00000154914",15.7370355079679,-1.56313344138861,0.462864098088086,-3.37708940452569,0.000732572346515582,0.00757783467401714,"USP43"
"ENSG00000006788",23.2673973690438,-3.34261135396813,1.09548838683481,-3.05125220325331,0.00227889066832825,0.0188182185780207,"MYH13"
"ENSG00000167131",65.2900347764687,1.05296034575821,0.297577597651303,3.53843956691947,0.000402499403677415,0.00461480566244807,"DNAAF19"
"ENSG00000136436",6862.7186979968,-1.16001668398885,0.182332615379782,-6.3620909598244,1.99025513778781e-10,1.23592873506981e-08,"CALCOCO2"
"ENSG00000263818",6.52537329695326,2.59021888243935,0.81583613894883,3.17492540325161,0.0014987502527513,0.0135059792891612,NA
"ENSG00000161381",1150.64861797336,1.20860556285277,0.285323358668395,4.23591523839246,2.27622636370781e-05,0.00040789976437644,"PLXDC1"
"ENSG00000188176",123.873946733784,3.13795072705951,0.894971068991759,3.50620353638315,0.000454547487276455,0.00508487843079297,"SMTNL2"
"ENSG00000108684",15.8904916389491,2.02139643171299,0.613285235795345,3.29601352475334,0.000980672939981034,0.00956575533368747,"ASIC2"
"ENSG00000267278",29.2442361681149,1.10782427752499,0.398430378335687,2.78047141423445,0.00542800383304668,0.0368313451578097,NA
"ENSG00000185813",1035.19864072217,-1.1201801559048,0.149068256710934,-7.51454521989209,5.71091072437725e-14,6.59242307913388e-12,"PCYT2"
"ENSG00000108950",2459.63675763227,-1.0907862457478,0.197553189980232,-5.52148130767693,3.36153579986653e-08,1.30413727031523e-06,"FAM20A"
"ENSG00000274370",155.905319475126,1.07184279620187,0.232412973314822,4.61180277896954,3.99191656148902e-06,8.79530468629711e-05,NA
"ENSG00000108821",208987.147917647,1.2872172997539,0.115214391750178,11.1723655369808,5.56780088506892e-29,3.37947553075667e-26,"COL1A1"
"ENSG00000265702",8.78587583471892,-3.7738619128416,0.870799681979274,-4.33378880463511,1.46564787141689e-05,0.000277720345907152,"MARCHF10-AS1"
"ENSG00000270885",330.637689421812,-1.60090166054037,0.287839971966871,-5.56177673865471,2.67041792236061e-08,1.06229563693736e-06,"RASL10B"
"ENSG00000271447",13.7932483911061,-2.51446685625517,0.698428990116038,-3.60017538194887,0.000318002614952857,0.00380148488116452,"MMP28"
"ENSG00000264007",18.5247153475951,-1.7321766869819,0.468198772945128,-3.69966088566598,0.00021588774592367,0.00273729368416426,NA
"ENSG00000108387",43.7205421034003,-1.86737875431046,0.454570011728984,-4.10801132086954,3.99080547195133e-05,0.000657539367427637,"SEPTIN4"
"ENSG00000167549",4296.6234532551,-2.3727090778792,0.286748166331593,-8.27453967093698,1.28952832808671e-16,2.14723584259111e-14,"CORO6"
"ENSG00000154262",5245.16773987066,-1.03703837947288,0.172051703265361,-6.02748104082075,1.66534779202684e-09,8.72846352500752e-08,"ABCA6"
"ENSG00000154263",318.008052998417,1.36181803561737,0.307090940342992,4.43457574520547,9.22537808800013e-06,0.000186024236162482,"ABCA10"
"ENSG00000173918",2175.32148967863,-1.25364949198191,0.238460194672147,-5.25726943109107,1.46210029278898e-07,4.75966766593726e-06,"C1QTNF1"
"ENSG00000126861",688.054923999712,1.68315633878916,0.243508321353329,6.91211014652313,4.77496856545635e-12,4.17887481523845e-10,"OMG"
"ENSG00000126860",59.8821448740398,1.4838338955714,0.279393456134777,5.31091141538981,1.09078344243095e-07,3.65198954675814e-06,"EVI2A"
"ENSG00000131242",65.1019265151573,2.14661999060064,0.265410609555713,8.08792080389702,6.06918456509234e-16,9.28437209567296e-14,"RAB11FIP4"
"ENSG00000136478",8198.79441808908,-1.49246780079959,0.217556578397385,-6.8601363920767,6.87948331009962e-12,5.85205715602482e-10,"TEX2"
"ENSG00000074660",60.2824155112136,-1.34750542917449,0.300499579286165,-4.48421735689441,7.31820369689285e-06,0.000150986097325368,"SCARF1"
"ENSG00000273604",85.6372591978626,-1.05496896549633,0.218218072258499,-4.83447110762955,1.33500091620171e-06,3.34925029856684e-05,"EPOP"
"ENSG00000108700",32.1453091678749,3.7541091629032,0.957065133022241,3.92252212871698,8.76268423949672e-05,0.00129215255995588,"CCL8"
"ENSG00000108604",4862.35111670241,-1.27617174652937,0.186764482656903,-6.83305373899045,8.31257980332748e-12,6.89028641318987e-10,"SMARCD2"
"ENSG00000288748",14.5737688033427,1.54517996699683,0.478709672083554,3.22780185382829,0.0012474535028479,0.0116428993599137,NA
"ENSG00000183691",14.6272577507927,-1.68207204122289,0.53312718201696,-3.15510463161749,0.00160440555777611,0.0142802719844443,"NOG"
"ENSG00000184185",75.4611490628825,-1.03186582752517,0.265875694615987,-3.88100848787825,0.000104024209987639,0.00149527848367258,"KCNJ12"
"ENSG00000161647",345.869465119812,-1.566381594787,0.155049833922002,-10.1024396812639,5.3884679601715e-24,2.02778826277174e-21,"MPP3"
"ENSG00000169750",159.725168080194,-1.41727715621961,0.198645043860306,-7.13472195770608,9.69829997011157e-13,1.01379562354233e-10,"RAC3"
"ENSG00000169738",1362.06276322073,-2.13527013837387,0.231714675066354,-9.21508375661757,3.11035383023039e-20,8.48179966226304e-18,"DCXR"
"ENSG00000168646",701.655787875673,-1.17329413428059,0.227763541676736,-5.15136937915131,2.58591300943512e-07,7.98957950501332e-06,"AXIN2"
"ENSG00000108960",3811.92879306117,-1.64003284102056,0.230308090446924,-7.12103876958033,1.07116652910786e-12,1.09386528918172e-10,"MMD"
"ENSG00000263567",8.06762221970184,6.4130319686343,1.49946319653805,4.27688521028104,1.89526466690028e-05,0.000348254882542926,NA
"ENSG00000012048",495.286654689678,1.23188009659557,0.160530119935547,7.67382530512134,1.66941407231592e-14,2.08024471421831e-12,"BRCA1"
"ENSG00000108830",450.34253571088,2.29297854965555,0.259414359938954,8.83905790795522,9.6529081380437e-19,2.06396726733443e-16,"RND2"
"ENSG00000141401",1329.61371336167,-2.35767430650602,0.232232008039511,-10.1522366637113,3.23854660618163e-24,1.24360189677375e-21,"IMPA2"
"ENSG00000264745",15.8344078840518,-1.72529563753616,0.492198907703416,-3.5052813212982,0.000456125036527603,0.00509949416952072,"TTC39C-AS1"
"ENSG00000266573",12.0793105728367,2.43811661526017,0.868853906755834,2.80612954180492,0.00501405303678126,0.0346218062165417,NA
"ENSG00000287673",62.7698005735415,-1.51614803357437,0.328987120224327,-4.60853310166233,4.0551982056569e-06,8.9034550102264e-05,NA
"ENSG00000206052",426.461020892147,1.09907267426715,0.187102125392118,5.87418593970421,4.24926221494344e-09,2.06067314011278e-07,"DOK6"
"ENSG00000264345",23.690765182044,1.90974128825655,0.587780677991905,3.24907122633053,0.00115782483125588,0.0109204112714656,NA
"ENSG00000088756",1508.03890198172,1.48043428783251,0.451354050167078,3.27998449838768,0.00103812790530808,0.0100274202598957,"ARHGAP28"
"ENSG00000154856",3171.56979107982,-1.76671135169732,0.599479805396196,-2.94707400615389,0.00320796418122319,0.0243919581107155,"APCDD1"
"ENSG00000256616",55.2841217999258,1.28962901932394,0.337874354602597,3.81688933106742,0.000135144750687285,0.00184400553222042,"ADGRA3P1"
"ENSG00000150636",165.876493536799,1.14081634031922,0.295453368316426,3.86123992026187,0.000112813056905103,0.00159361147051533,"CCDC102B"
"ENSG00000267480",43.6409934623787,-2.57123089947969,0.480365617651661,-5.35265390568446,8.66735282527065e-08,2.96518019564168e-06,NA
"ENSG00000178184",129.466301805161,1.0979050130845,0.359838760610518,3.05110269727961,0.00228002574827766,0.0188182185780207,"PARD6G"
"ENSG00000288533",25.6677991316424,2.49573300052178,0.491786629561574,5.07482890038453,3.87844832297167e-07,1.14563396617009e-05,NA
"ENSG00000049759",2734.27319750097,1.07007707381722,0.192466634898757,5.5598055963316,2.70075310752622e-08,1.07209642344332e-06,"NEDD4L"
"ENSG00000154864",374.243911038854,2.48704996906595,0.715226833632509,3.47728839595499,0.000506512683210482,0.0055832118613289,"PIEZO2"
"ENSG00000267669",183.375372704522,-1.5986511206558,0.274008469356939,-5.83431280211016,5.40127097194504e-09,2.52474963169543e-07,"RPLP0P12"
"ENSG00000141469",118.278765743399,3.81089120641662,1.11032920560727,3.43221738847475,0.000598667472484529,0.00640029952401642,"SLC14A1"
"ENSG00000197046",11.5652679420155,2.44711226441882,0.68738303642116,3.56004168674228,0.000370795927325134,0.00432403015177392,"SIGLEC15"
"ENSG00000079101",11.0032373754213,2.96699271261285,1.08311478720236,2.73931511938495,0.0061567331192491,0.0407188366860426,"CLUL1"
"ENSG00000176912",44.9420568802896,1.26822749315006,0.386297857689588,3.28303009686673,0.00102697700704753,0.00993501252678984,NA
"ENSG00000124249",352.244558592325,1.34795183523893,0.488456195560056,2.7596166196508,0.00578692285581195,0.0386809024706776,"KCNK15"
"ENSG00000124151",3450.3750746848,-1.40358100610725,0.203524708751933,-6.89636661177098,5.33494106169961e-12,4.62591018511243e-10,"NCOA3"
"ENSG00000287853",23.3425786519114,-1.58414714572084,0.580052452996338,-2.73104119728779,0.00631345790136404,0.0414060731516437,NA
"ENSG00000154930",1456.46892364911,-1.91061248047754,0.301927575024573,-6.32804897108863,2.48280353926277e-10,1.51676725307689e-08,"ACSS1"
"ENSG00000179242",125.529073210207,-1.40463101542881,0.471896307546132,-2.97656708257141,0.00291495303075074,0.0226269621396889,"CDH4"
"ENSG00000125965",571.808810781998,1.28817529710346,0.278342236498498,4.62802668150009,3.69166463745875e-06,8.21068106600754e-05,"GDF5"
"ENSG00000101342",18.862276674526,-3.7248793681543,0.763656244609631,-4.87769123142364,1.07334769370773e-06,2.75526742221072e-05,"TLDC2"
"ENSG00000149596",94.8102071536008,-1.08287136756323,0.383050344089826,-2.8269687895367,0.00469909075606024,0.0328447591627153,"JPH2"
"ENSG00000101265",3601.76041715507,1.06876616658652,0.398692242573924,2.68067961314385,0.00734728229814194,0.0467048863925131,"RASSF2"
"ENSG00000132622",144.183864514707,2.23375439364219,0.326259734761736,6.84655247229167,7.56509055312379e-12,6.37603690295131e-10,"HSPA12B"
"ENSG00000196476",259.460795465843,1.0433638699451,0.155612479167248,6.70488559483538,2.0156422259582e-11,1.53547870945868e-09,"C20orf96"
"ENSG00000149488",319.977001869969,-1.13256921969262,0.334271450699954,-3.38817214967373,0.00070360088420958,0.00732648269910761,"TMC2"
"ENSG00000101347",28711.9691935945,-3.86003354753858,0.284008244437109,-13.591272870226,4.51165212710725e-42,7.71738603851364e-39,"SAMHD1"
"ENSG00000101255",639.302253182356,1.0751211513025,0.276536588980962,3.88780795794265,0.000101153606958693,0.00145624045029439,"TRIB3"
"ENSG00000174306",7180.60023858939,-1.13861163739506,0.130224699260888,-8.74343840959085,2.26121171735045e-18,4.62466952974631e-16,"ZHX3"
"ENSG00000101049",19.4522837845969,1.21206387190112,0.422033961549412,2.87195814159427,0.00407936997221842,0.029408975247993,"SGK2"
"ENSG00000019186",32.1019074083766,4.55887445754645,0.951811293953867,4.78968308792459,1.67044922348576e-06,4.0348103452e-05,"CYP24A1"
"ENSG00000124134",59.0388425789184,2.70102157763221,0.666225829725978,4.05421323688869,5.03033155297058e-05,0.000806224178029766,"KCNS1"
"ENSG00000125848",395.857430494029,2.39857378824258,0.34750644792362,6.90224254132336,5.1187939494453e-12,4.45903828485012e-10,"FLRT3"
"ENSG00000149633",527.836159493579,1.47222753109601,0.272585084922629,5.40098344527505,6.6276542610908e-08,2.32660340628143e-06,"KIAA1755"
"ENSG00000267683",11.471493049026,2.26123540699736,0.590040856454444,3.83233700219529,0.000126931697515961,0.00175742959562938,NA
"ENSG00000104894",48.7416751537071,1.08457138250978,0.303056745206324,3.57877328145721,0.000345210771732537,0.00409035634818603,"CD37"
"ENSG00000125657",29.0099601353708,1.70272337447191,0.438979954743061,3.87881805552722,0.000104965223464963,0.00150420841181777,"TNFSF9"
"ENSG00000104951",15.1016149064154,2.29888498056665,0.592398518898556,3.88063931159207,0.000104182248887771,0.00149533805542183,"IL4I1"
"ENSG00000171817",73.9652099378479,1.08378064190914,0.283573960924322,3.82186234016871,0.000132447623637982,0.0018137805577673,"ZNF540"
"ENSG00000269959",20.8599033623554,1.91769412860829,0.626371798590121,3.06159078829022,0.00220164213630486,0.0183825423615593,"SPACA6-AS1"
"ENSG00000175489",19.1289055292079,3.54953903423206,0.680293812429602,5.21765591481016,1.81201677368636e-07,5.73988343664689e-06,"LRRC25"
"ENSG00000072958",4783.75395164718,-1.09230198631479,0.122836959947602,-8.89229094224349,5.98617084447177e-19,1.34090226916168e-16,"AP1M1"
"ENSG00000105516",186.705365451604,1.70143436387053,0.174028952963149,9.77673160069411,1.41712983839683e-22,4.67802018232891e-20,"DBP"
"ENSG00000232871",19.8484993320616,2.30283930210114,0.702791903661959,3.27670152445125,0.00105027331813064,0.010118762290807,NA
"ENSG00000176909",112.890995646658,1.19296208420464,0.276156738623407,4.31987316388275,1.56118905073461e-05,0.00029404737916539,"MAMSTR"
"ENSG00000099860",797.893246295425,-1.4374020167619,0.165986387721175,-8.65975840848142,4.72765156911133e-18,8.98540322468675e-16,"GADD45B"
"ENSG00000214212",31.1959927810613,1.3699765115637,0.380062455401168,3.60460890596953,0.00031262333829937,0.00375148005959244,"C19orf38"
"ENSG00000010310",30.7366703161803,1.10794111991028,0.396660803770474,2.79317015792512,0.00521942284262691,0.0357122400752247,"GIPR"
"ENSG00000079462",138.12710778306,1.09795271460183,0.154480177985465,7.10740192638268,1.18247704735245e-12,1.18348341079701e-10,"PAFAH1B3"
"ENSG00000130377",10.4221071784428,2.26913427003195,0.66262897566249,3.42444166098122,0.000616064100124058,0.00655624571695032,"ACSBG2"
"ENSG00000167642",78.4044608088829,-1.82630557857704,0.675990066010958,-2.70167517306007,0.00689911272177449,0.0444111204149534,"SPINT2"
"ENSG00000167641",447.477512010027,-2.93276756962961,0.441454133579982,-6.64342532223283,3.06475792956944e-11,2.24383210905753e-09,"PPP1R14A"
"ENSG00000167645",1341.78772211179,-1.16780689196509,0.189984659609639,-6.14684835272796,7.90376272750678e-10,4.3740352788461e-08,"YIF1B"
"ENSG00000188368",20.7564394738825,1.27062552623162,0.428682876343255,2.96402211599935,0.00303646463094426,0.0233964449204943,"PRR19"
"ENSG00000179820",9221.06098797015,-1.49571986659808,0.193521228888412,-7.72897048654304,1.08419804105466e-14,1.3691456604352e-12,"MYADM"
"ENSG00000105711",228.479931849012,1.21782079273827,0.209854801997227,5.80315904686502,6.50770079842941e-09,2.98655849324994e-07,"SCN1B"
"ENSG00000223802",17.8607639438577,2.04178020307854,0.537462111407954,3.79892863095005,0.000145322928663586,0.00196154679034005,"CERS1"
"ENSG00000176293",293.227610421338,1.11483848274689,0.212847406618525,5.23773580546817,1.62558535883728e-07,5.18423967998004e-06,"ZNF135"
"ENSG00000269289",16.3038329857031,-3.27873827660005,0.793704118926952,-4.13093267177791,3.6129439639009e-05,0.000605353104405693,"ZNF276-AS1"
"ENSG00000160460",375.424811356078,1.06602007912102,0.193870866566381,5.49860893491191,3.82799027158753e-08,1.44633463755404e-06,"SPTBN4"
"ENSG00000099337",1940.80877465056,-2.87131954065557,0.357623967332581,-8.02887894251595,9.83673600542961e-16,1.44600019279815e-13,"KCNK6"
"ENSG00000070388",20.2048162988283,-2.75405290713062,0.475608041787913,-5.79059365097685,7.01380771256313e-09,3.19544324260503e-07,"FGF22"
"ENSG00000070404",3656.3950697572,-1.84085674068182,0.307177538706915,-5.99281037419284,2.06245295246143e-09,1.06906652213538e-07,"FSTL3"
"ENSG00000028277",72.8565992850647,2.03602424583404,0.511679319687541,3.9791020811186,6.91760361756397e-05,0.00105479440573812,"POU2F2"
"ENSG00000130513",964.948524377344,1.8538352514554,0.285631170738788,6.4903114273573,8.56591208047008e-11,5.86095278931364e-09,"GDF15"
"ENSG00000124466",43.6179592178217,1.42161248703776,0.330988807216311,4.29504701078515,1.74656321990578e-05,0.000324415928388422,"LYPD3"
"ENSG00000124440",432.205891545632,-2.54166472828689,0.455414139807077,-5.58099651750733,2.39144432942146e-08,9.55359161409644e-07,"HIF3A"
"ENSG00000171051",7.74753760640579,-5.70626248827588,1.22340438425806,-4.66424884666116,3.09746373414394e-06,7.02191296646414e-05,"FPR1"
"ENSG00000105486",334.853769444998,1.04888741792718,0.204253260595993,5.13522973815261,2.81799571279766e-07,8.64982175073421e-06,"LIG1"
"ENSG00000099840",80.3300356192598,-1.04913568366379,0.273513442916175,-3.83577374654058,0.00012516959981709,0.0017394321936177,"IZUMO4"
"ENSG00000170684",11.3351248303018,-1.54530231663937,0.536378452195374,-2.88099253486884,0.00396425029629,0.0287775206693644,"ZNF296"
"ENSG00000267339",141.614478604127,3.18873985019031,0.51963952364471,6.13644594973213,8.43880571978357e-10,4.63308489278152e-08,"LINC00906"
"ENSG00000105664",11.7542086740173,-2.44268944572122,0.638730834218423,-3.82428609182488,0.000131151554894256,0.00180107132220676,"COMP"
"ENSG00000131037",24.4753479398481,-1.50883465141538,0.453715878084716,-3.32550550750984,0.000882583565184349,0.00880991637268367,"EPS8L1"
"ENSG00000235649",84.9266053521537,1.07716324834034,0.335944065834111,3.2063767689001,0.00134417864314787,0.012404151716268,"MXRA5Y"
"ENSG00000268812",6.8950853894781,2.88192363170872,0.947156070038903,3.04271251895197,0.00234456199379474,0.0192643137446471,"LIF-AS2"
"ENSG00000128342",339.864179903979,2.4399057259136,0.329173018755888,7.41222878817724,1.24194258492738e-13,1.38274506970376e-11,"LIF"
"ENSG00000241990",33.4742261945068,-1.19388562351858,0.340178948939718,-3.50958114027844,0.000448813096459617,0.00502970054972255,NA
"ENSG00000128254",10.2799874699319,1.5148201277335,0.558007436509817,2.71469523275224,0.00663367869000788,0.0431005864057971,"YWHAH-AS1"
"ENSG00000100024",7.58151727732029,-3.26365036649192,1.16716218026133,-2.79622696972685,0.00517030761977403,0.0354277160137175,"UPB1"
"ENSG00000075240",1248.67976493673,1.16288279898198,0.199324429964449,5.83412078082645,5.40749416227284e-09,2.52474963169543e-07,"GRAMD4"
"ENSG00000100292",5297.74414887547,1.33086230211968,0.267713384640009,4.97122063549146,6.65326813892584e-07,1.81695055590753e-05,"HMOX1"
"ENSG00000215493",53.9178376431891,1.13066746862677,0.412910924868415,2.73828421707922,0.00617606753769067,0.0408036821591249,NA
"ENSG00000186998",10.5410040773452,2.44283325414132,0.584577751371871,4.17879956671041,2.93051806881278e-05,0.000502396461262312,"EMID1"
"ENSG00000025708",350.011479795964,-1.32627796797654,0.295462762737474,-4.48881597020392,7.16201342154455e-06,0.000148088400593167,"TYMP"
"ENSG00000130487",21.8417760115671,3.28668878258922,0.850931441041946,3.86246015138981,0.000112250879476758,0.00158805454754488,"KLHDC7B"
"ENSG00000100302",78.0853802468449,1.90720935273122,0.408827352017431,4.66507278272787,3.08507822473243e-06,7.00227163770391e-05,"RASD2"
"ENSG00000100206",79.3282814887923,-1.88395557152533,0.368502892236524,-5.11245803280186,3.17993647383271e-07,9.65059430510263e-06,"DMC1"
"ENSG00000128165",121.089727821032,2.61737119507784,0.395761169393195,6.61351187912385,3.75307866660549e-11,2.70566774677582e-09,"ADM2"
"ENSG00000100242",5654.23396247789,-1.9232569055028,0.271627679950122,-7.08048938847455,1.43646264664143e-12,1.4077333937086e-10,"SUN2"
"ENSG00000099998",950.237976801458,-2.4375153319844,0.832969905810129,-2.92629459357685,0.00343025943338069,0.0257865329401866,"GGT5"
"ENSG00000235513",114.018978822458,1.93188872256568,0.334534515034725,5.77485621286387,7.70188272911992e-09,3.46695276151006e-07,NA
"ENSG00000185022",1241.48593024532,-1.26813453784152,0.184404065181538,-6.87693374109237,6.11545361149289e-12,5.25426370565526e-10,"MAFF"
"ENSG00000128285",14.0006210979588,5.76916786526582,1.06523031527573,5.41588779678367,6.09853378608752e-08,2.16101716984977e-06,"MCHR1"
"ENSG00000100092",47.8352728621565,1.0792402415409,0.273737569379392,3.94260913468224,8.05999538653563e-05,0.00120458199517914,"SH3BP1"
"ENSG00000128311",694.131745871692,-1.31179786987138,0.144161065822035,-9.0995294907904,9.0724000604706e-20,2.30684161537588e-17,"TST"
"ENSG00000225783",142.082183359792,1.76726259795089,0.552222604524493,3.20027210670349,0.00137297898779405,0.0126204067583453,"MIAT"
"ENSG00000185666",13.3168379328099,1.45861182001324,0.459899081675428,3.17159106884812,0.00151606324629853,0.0136228491128716,"SYN3"
"ENSG00000273243",10.5117344467856,-1.41696463524416,0.510852741963853,-2.77372424350113,0.00554186316420612,0.0374688096650027,NA
"ENSG00000186575",5531.64474700745,-1.04482268428137,0.252358341896424,-4.14023438428755,3.46951137952847e-05,0.000583920627166437,"NF2"
"ENSG00000154736",8703.95754750143,-2.13085535340379,0.414611536066668,-5.13940198967633,2.75614204512238e-07,8.4737857387292e-06,"ADAMTS5"
"ENSG00000157617",2092.11373783713,-1.14366302485854,0.28419432604623,-4.02422891677472,5.71622951419621e-05,0.000894813432105789,"C2CD2"
"ENSG00000166979",269.650273165254,-1.39290932026374,0.251338246967829,-5.54197117656363,2.9908554586686e-08,1.17411348171492e-06,"EVA1C"
"ENSG00000215458",7.69392887334875,1.93648083271159,0.710052762146259,2.72723512384945,0.00638675113783655,0.0417825171474426,"AATBC"
"ENSG00000154734",66798.1013094667,-2.30157139992208,0.257346618817815,-8.94346858138224,3.77142584393387e-19,8.65404252188534e-17,"ADAMTS1"
"ENSG00000159212",1708.91824144263,-1.07308632484361,0.223178839743201,-4.80819026605905,1.52302775350041e-06,3.7168988599045e-05,"CLIC6"
"ENSG00000276529",34.7961218902209,-1.45121752521327,0.472943627679386,-3.06847886361007,0.00215151547736886,0.0180646654271184,NA
"ENSG00000234880",7.0628420363007,-3.17269178243946,0.913993226127112,-3.47124211837235,0.000518056662849422,0.00567492406581626,"LINC00163"
"ENSG00000157578",40.060022948368,1.06308064887293,0.326543724715702,3.2555537540906,0.00113171471200584,0.0107276292297743,"LCA5L"
"ENSG00000215386",486.715179496933,1.47849322361777,0.202648037090188,7.29586747963305,2.96740870528522e-13,3.22744290165588e-11,"MIR99AHG"
"ENSG00000286153",10.648828439686,-2.58489818721316,0.687043991897896,-3.76234741544369,0.000168326003714155,0.00221484061950037,"RUNX1-AS1"
"ENSG00000197381",4267.70425420066,-2.32858854549757,0.591478799461908,-3.93689266228305,8.25435054815891e-05,0.00122777754872852,"ADARB1"
"ENSG00000159200",4854.71110202292,-1.20564161421367,0.417251890027328,-2.88948149314483,0.00385877720113543,0.0281749133940878,"RCAN1"
"ENSG00000174680",58.2753049730337,-2.7833513793235,0.391900219648444,-7.10219397636551,1.22791714944524e-12,1.22245973989215e-10,NA
"ENSG00000160256",248.095295977517,-1.01193919301949,0.278538783316526,-3.63302797897824,0.000280114631071862,0.00342249149236893,"SLX9"
"ENSG00000277196",12.51780805806,-5.03540361350211,1.11415044718682,-4.51950059905849,6.19856723345948e-06,0.000129880001185717,NA
